PID,ProductCode,ProductName,Barcode,Category,Alias,Description,SalesUnit,ShelfPrice,PurchaseCost,ReorderPoint,AddedDate,InList_AddedSinceApr15,InList_Sold,Source,Transactions,UnitsSold,Revenue,FirstSold,LastSold,DaysSinceLastSale,DuplicateNameGroup,MigrationAction
23180,P-23180,USB C TYPE CABLE TECO,197190301625,ELECTRONICS,,,UNIT,9.99,0.0,0.0,2026-04-15,Y,Y,both,1.0,1.0,11.29,2026-04-20,2026-04-20,136,,REVIEW - no sale in 90+ days
23181,P-23181,LOTTO IN,24181,LOTTERY,,,UNIT,0.0,0.0,0.0,2026-04-15,Y,Y,both,6490.0,6790.0,115416.3,2026-04-15,2026-09-03,0,,MIGRATE
23182,P-23182,LOTTO PAY OUT,23182,LOTTERY,,,UNIT,0.0,0.0,0.0,2026-04-15,Y,Y,both,991.0,1015.0,-35969.4,2026-04-15,2026-09-03,0,,MIGRATE
23183,P-23183,INSTANT,23183,LOTTERY,,,UNIT,0.0,0.0,0.0,2026-04-15,Y,Y,both,2445.0,2983.0,40649.0,2026-04-15,2026-09-03,0,,MIGRATE
23184,P-23184,INSTANT PAY OUT,23184,LOTTERY,,,UNIT,0.0,0.0,0.0,2026-04-15,Y,Y,both,1024.0,1031.0,-28294.2,2026-04-15,2026-09-03,0,,MIGRATE
23185,P-23185,KEY CUT,24185,OTHER,,,UNIT,4.0,0.0,0.0,2026-04-15,Y,Y,both,99.0,158.0,737.89,2026-04-15,2026-08-31,3,,MIGRATE
23186,P-23186,GOOD CALL 2.5,32012500806125,phone card,,,UNIT,2.5,0.0,0.0,2026-04-15,Y,,added only,,,,NULL,NULL,,,"REVIEW - new, no sales yet"
23187,P-23187,Budwieser 6pk 473ml,062067335389,Beer,,,UNIT,17.49,0.0,0.0,2026-04-15,Y,Y,both,152.0,171.0,3262.53,2026-04-15,2026-09-02,1,,MIGRATE
23188,P-23188,DEBIT CARD FEES,24188,GENERAL NO TAX,,,UNIT,0.25,0.0,0.0,2026-04-15,Y,Y,both,260.0,262.0,71.55,2026-04-15,2026-08-23,11,,MIGRATE
23189,P-23189,CREDIT CARD FEE,24189,GENERAL NO TAX,,,UNIT,0.0,0.0,0.0,2026-04-15,Y,Y,both,138.0,138.0,82.8,2026-04-15,2026-08-30,4,,MIGRATE
23190,P-23190,Match Chic 20,779186002053,TOBACCO,,,UNIT,9.74,0.0,0.0,2026-04-15,Y,Y,both,183.0,199.0,2190.87,2026-04-15,2026-09-01,2,,MIGRATE
23191,P-23191,Mikes Hard Lemonade 473,062067421600,Beer,,,UNIT,3.49,0.0,0.0,2026-04-15,Y,Y,both,257.0,474.0,1907.22,2026-04-15,2026-08-28,6,,MIGRATE
23192,P-23192,Camel select 20,060100045592,TOBACCO,,,UNIT,12.17,0.0,0.0,2026-04-15,Y,,added only,,,,NULL,NULL,,,"REVIEW - new, no sales yet"
23193,P-23193,Match 20,779186002022,TOBACCO,,,UNIT,9.74,0.0,0.0,2026-04-15,Y,Y,both,340.0,403.0,4436.5,2026-04-15,2026-09-03,0,,MIGRATE
23194,P-23194,Instant 30X,627925000771,LOTTERY,,,UNIT,30.0,0.0,0.0,2026-04-15,Y,Y,both,4.0,4.0,120.0,2026-04-16,2026-05-17,109,,REVIEW - no sale in 90+ days
23195,P-23195,Type C cable,197190301632,ELECTRONICS,,,UNIT,9.99,0.0,0.0,2026-04-15,Y,,added only,,,,NULL,NULL,,,"REVIEW - new, no sales yet"
23196,P-23196,Ensure Protien Drink Chocolate,055325004295,DRINKS NO TAX,,,UNIT,3.75,0.0,0.0,2026-04-15,Y,Y,both,5.0,5.0,18.75,2026-05-14,2026-06-08,87,,MIGRATE
23197,P-23197,Ensure Protein Drink Vanilla,055325004288,DRINKS NO TAX,,,UNIT,3.75,0.0,0.0,2026-04-15,Y,Y,both,18.0,20.0,75.0,2026-04-17,2026-06-29,66,,MIGRATE
23198,P-23198,Ensure Protein Drink Strawberry,055325004301,DRINKS NO TAX,,,UNIT,3.75,0.0,0.0,2026-04-15,Y,Y,both,3.0,3.0,11.25,2026-04-23,2026-04-30,126,,REVIEW - no sale in 90+ days
23199,P-23199,Cottage spring pink lemonade 473,051497458348,Beer,,,UNIT,3.59,0.0,0.0,2026-04-15,Y,Y,both,76.0,105.0,428.85,2026-04-19,2026-08-29,5,,MIGRATE
23200,P-23200,Flying monkey velvet bubble load 473,870766000985,Beer,,,UNIT,3.99,0.0,0.0,2026-04-15,Y,Y,both,3.0,4.0,17.83,2026-05-08,2026-07-03,62,,MIGRATE
23201,P-23201,Twisted tea original 473,087692007470,Beer,,,UNIT,3.49,0.0,0.0,2026-04-15,Y,Y,both,27.0,45.0,181.07,2026-05-01,2026-09-01,2,,MIGRATE
23202,P-23202,Arizona Hard 473,056327014930,Beer,,,UNIT,3.39,0.0,0.0,2026-04-15,Y,Y,both,143.0,300.0,1185.78,2026-04-18,2026-08-28,6,,MIGRATE
23203,P-23203,Twisted tea pineapple,087692018551,Beer,,,UNIT,3.45,0.0,0.0,2026-04-15,Y,Y,both,1.0,1.0,4.0,2026-04-18,2026-04-18,138,,REVIEW - no sale in 90+ days
23204,P-23204,Smirnoff ice berry blast 473,082000785552,Beer,,,UNIT,3.45,0.0,0.0,2026-04-15,Y,Y,both,13.0,25.0,99.99,2026-04-18,2026-08-31,3,,MIGRATE
23205,P-23205,Black fly vodka cranberry 4*400,883043000028,Beer,,,UNIT,11.99,0.0,0.0,2026-04-15,Y,Y,both,35.0,39.0,518.85,2026-05-03,2026-09-02,1,,MIGRATE
23206,P-23206,Fanta 355,067000013737,DRINKS,,,UNIT,1.33,0.0,0.0,2026-04-15,Y,Y,both,46.0,55.0,82.59,2026-04-17,2026-08-27,7,,MIGRATE
23207,P-23207,Fanta,067000011061,DRINKS,,,UNIT,1.87,0.0,0.0,2026-04-15,Y,Y,both,37.0,47.0,71.78,2026-04-15,2026-09-03,0,,MIGRATE
23208,P-23208,Crush,05660300,DRINKS,,,UNIT,1.33,0.0,0.0,2026-04-15,Y,Y,both,35.0,39.0,58.53,2026-04-18,2026-09-02,1,,MIGRATE
23209,P-23209,Molson Cold shot,056327014145,Beer,,,UNIT,5.49,0.0,0.0,2026-04-15,Y,Y,both,152.0,219.0,1400.31,2026-04-18,2026-09-03,0,,MIGRATE
23210,P-23210,guniess 4 pack,083820123609,Beer,,,UNIT,14.98,0.0,0.0,2026-04-15,Y,Y,both,2.0,2.0,31.68,2026-05-21,2026-07-04,61,,REVIEW - 2 units or fewer
23211,P-23211,Corona Extra,062067382345,Beer,,,UNIT,22.49,0.0,0.0,2026-04-15,Y,Y,both,35.0,40.0,961.42,2026-04-19,2026-09-02,1,,MIGRATE
23212,P-23212,Sapporo 6 pk,056910605064,Beer,,,UNIT,22.29,0.0,0.0,2026-04-15,Y,Y,both,14.0,14.0,295.28,2026-04-20,2026-08-20,14,,MIGRATE
23213,P-23213,Heineken 6pk,072890004758,Beer,,,UNIT,20.79,0.0,0.0,2026-04-15,Y,Y,both,62.0,66.0,1542.03,2026-04-24,2026-09-03,0,,MIGRATE
23214,P-23214,Faxe Amber 473,5741000500057,Beer,,,UNIT,2.49,0.0,0.0,2026-04-15,Y,Y,both,26.0,128.0,384.79,2026-04-19,2026-07-01,64,,MIGRATE
23215,P-23215,Lawenbrau 473,062067860539,Beer,,,UNIT,2.49,0.0,0.0,2026-04-15,Y,Y,both,81.0,175.0,509.51,2026-04-17,2026-09-03,0,,MIGRATE
23216,P-23216,CASH BACK,24216,Cashback,,,UNIT,0.0,0.0,0.0,2026-04-15,Y,Y,both,2.0,2.0,343.0,2026-04-15,2026-04-15,141,DUP-01,REVIEW - no sale in 90+ days
23217,P-23217,Guinness 440ml,5000213002834,Beer,,,UNIT,0.0,0.0,0.0,2026-04-15,Y,Y,both,13.0,22.0,98.02,2026-04-16,2026-07-12,53,,MIGRATE
23218,P-23218,Sapporo 500ml,056910605002,Beer,,,UNIT,0.0,0.0,0.0,2026-04-15,Y,Y,both,18.0,33.0,148.38,2026-04-18,2026-09-03,0,,MIGRATE
23219,P-23219,Heineken 500ml,072890000026,Beer,,,UNIT,3.49,0.0,0.0,2026-04-15,Y,Y,both,72.0,118.0,493.39,2026-04-18,2026-09-02,1,,MIGRATE
23220,P-23220,Heineken Bottle 330ml,072890000224,Beer,,,UNIT,3.01,0.0,0.0,2026-04-15,Y,Y,both,58.0,269.0,934.83,2026-04-16,2026-07-04,61,,MIGRATE
23221,P-23221,molson 6 pack,056327007949,Beer,,,UNIT,17.79,0.0,0.0,2026-04-15,Y,Y,both,138.0,144.0,2832.66,2026-04-16,2026-09-03,0,,MIGRATE
23222,P-23222,Bud light 6 Pack,062067567384,Beer,,,UNIT,17.79,0.0,0.0,2026-04-15,Y,Y,both,35.0,48.0,928.71,2026-04-16,2026-08-31,3,,MIGRATE
23223,P-23223,Great Value 500ml Water,605388881243,WATER,,,UNIT,1.0,0.0,0.0,2026-04-15,Y,Y,both,23.0,26.0,26.0,2026-04-16,2026-07-24,41,,MIGRATE
23224,P-23224,Allens apple juice 200ml,056412700014,DRINKS NO TAX,,,UNIT,1.0,0.0,0.0,2026-04-15,Y,Y,both,8.0,10.0,10.0,2026-04-18,2026-07-10,55,,MIGRATE
23225,P-23225,Canada dry 710,06221010,DRINKS,,,UNIT,2.99,0.0,0.0,2026-04-15,Y,Y,both,8.0,8.0,27.04,2026-04-16,2026-05-25,101,,REVIEW - no sale in 90+ days
23226,P-23226,Old Milwaukee 6 pack,056910402540,Beer,,,UNIT,12.75,0.0,0.0,2026-04-15,Y,Y,both,111.0,114.0,1711.14,2026-04-17,2026-09-01,2,,MIGRATE
23227,P-23227,ting sparkling grape fruit,858629001065,DRINKS,,,UNIT,2.43,0.0,0.0,2026-04-15,Y,Y,both,6.0,7.0,19.24,2026-05-15,2026-08-20,14,,MIGRATE
23228,P-23228,Del monte orange,067311267188,DRINKS,,,UNIT,3.5,0.0,0.0,2026-04-15,Y,Y,both,5.0,6.0,23.75,2026-04-17,2026-08-20,14,,MIGRATE
23229,P-23229,Nestea,990484000101,DRINKS NO TAX,,,UNIT,2.5,0.0,0.0,2026-04-15,Y,Y,both,9.0,9.0,22.5,2026-04-18,2026-06-13,82,,MIGRATE
23230,P-23230,egg burnbrae 12,065651000052,GROCERY NO TAX,,,UNIT,4.99,0.0,0.0,2026-04-15,Y,Y,both,18.0,20.0,99.8,2026-04-17,2026-08-29,5,,MIGRATE
23231,P-23231,Eska,671785100034,GROCERY,,,UNIT,2.66,0.0,0.0,2026-04-15,Y,Y,both,12.0,12.0,36.12,2026-05-11,2026-08-21,13,,MIGRATE
23232,P-23232,Smoke it lighter,853195000542,LIGHTER,,,UNIT,4.99,0.0,0.0,2026-04-15,Y,Y,both,3.0,3.0,16.92,2026-04-19,2026-06-25,70,,MIGRATE
23233,P-23233,Labatt Blue 6 pack,062067380624,Beer,,,UNIT,14.9,0.0,0.0,2026-04-15,Y,Y,both,45.0,45.0,737.31,2026-04-16,2026-08-28,6,,MIGRATE
23234,P-23234,Habibi Pre rolled tip,788413295601,HEALTH & BEAUTY,,,UNIT,3.99,0.0,0.0,2026-04-15,Y,Y,both,2.0,2.0,9.02,2026-06-09,2026-06-23,72,,REVIEW - 2 units or fewer
23235,P-23235,Backwoods port 5 Pack,071610122741,TOBACCO,,,UNIT,13.27,0.0,0.0,2026-04-15,Y,Y,both,13.0,21.0,314.96,2026-04-18,2026-08-13,21,,MIGRATE
23236,P-23236,Next Xtra Tobacco,061900106919,TOBACCO,,,UNIT,31.0,0.0,0.0,2026-04-15,Y,Y,both,44.0,58.0,2031.74,2026-04-18,2026-08-26,8,,MIGRATE
23237,P-23237,Fishermans Friend,05899753,"CANDY,GUMS & CHOCOLATES",,,UNIT,3.5,0.0,0.0,2026-04-15,Y,Y,both,2.0,2.0,7.92,2026-05-30,2026-07-29,36,,REVIEW - 2 units or fewer
23238,P-23238,Kinder Chocolate,06202343,"CANDY,GUMS & CHOCOLATES",,,UNIT,1.76,0.0,0.0,2026-04-15,Y,Y,both,28.0,65.0,89.45,2026-04-18,2026-08-29,5,,MIGRATE
23239,P-23239,Double Bubble,05964253,"CANDY,GUMS & CHOCOLATES",,,UNIT,0.25,0.0,0.0,2026-04-15,Y,Y,both,6.0,13.0,3.66,2026-06-23,2026-09-01,2,,MIGRATE
23240,P-23240,Diritos Nacho 70g,060410048474,CHIPS & SNACKS,Doritos 70g,,UNIT,2.39,1.09,0.0,2026-04-16,Y,Y,both,3.0,3.0,8.1,2026-04-30,2026-06-12,83,,MIGRATE
23241,P-23241,Miss Vickie's Origianl 55g,060410071830,CHIPS & SNACKS,Miss Vickie's,,UNIT,2.39,0.0,0.0,2026-04-16,Y,Y,both,2.0,2.0,5.4,2026-04-24,2026-05-09,117,,REVIEW - no sale in 90+ days
23242,P-23242,Lay's Classic 60g,060410048603,CHIPS & SNACKS,Lay's Calssic,,UNIT,2.39,1.09,0.0,2026-04-16,Y,Y,both,3.0,3.0,8.1,2026-05-02,2026-06-16,79,,MIGRATE
23243,P-23243,Chcken Vienna Sausages 130g,05527241,GROCERY NO TAX,Grace,,UNIT,2.5,0.0,0.0,2026-04-16,Y,Y,both,2.0,3.0,7.5,2026-06-15,2026-08-02,32,,MIGRATE
23244,P-23244,Corned Beef 340g,055270961100,GENERAL NO TAX,Grace,,UNIT,5.99,0.0,0.0,2026-04-16,Y,Y,both,1.0,1.0,5.99,2026-09-02,2026-09-02,1,,REVIEW - 2 units or fewer
23245,P-23245,Pringles Origianl 67g,064100852617,CHIPS & SNACKS,pringles,,UNIT,2.66,0.0,0.0,2026-04-16,Y,Y,both,6.0,6.0,18.06,2026-04-21,2026-06-17,78,,MIGRATE
23246,P-23246,Pringles BBQ 68g,064100119352,CHIPS,pringles,,UNIT,2.66,0.0,0.0,2026-04-16,Y,Y,both,5.0,5.0,14.74,2026-04-19,2026-04-29,127,,REVIEW - no sale in 90+ days
23247,P-23247,Titan Freezer Bags,059212971448,GENERAL ITEMS,titan,,UNIT,2.75,0.0,0.0,2026-04-16,Y,,added only,,,,NULL,NULL,,,"REVIEW - new, no sales yet"
23248,P-23248,Luncheon Meat 340g,623190810404,GROCERY NO TAX,Mario's,,UNIT,3.5,0.0,0.0,2026-04-16,Y,Y,both,1.0,1.0,3.5,2026-08-17,2026-08-17,17,,REVIEW - 2 units or fewer
23249,P-23249,Wild Pink Salmon,065302000035,GROCERY NO TAX,,,UNIT,5.99,0.0,0.0,2026-04-16,Y,,added only,,,,NULL,NULL,,,"REVIEW - new, no sales yet"
23250,P-23250,Cling Wrap,067489106371,GROCERY,Glad,,UNIT,4.99,0.0,0.0,2026-04-16,Y,Y,both,1.0,1.0,5.64,2026-07-31,2026-07-31,34,,REVIEW - 2 units or fewer
23251,P-23251,Teco Earphones,197111051998,cell phone accesroies,Teco,,UNIT,11.99,0.0,0.0,2026-04-16,Y,,added only,,,,NULL,NULL,,,"REVIEW - new, no sales yet"
23252,P-23252,USB-C Earphones,197111058195,cell phone accesroies,Teco,,UNIT,11.99,0.0,0.0,2026-04-16,Y,,added only,,,,NULL,NULL,,,"REVIEW - new, no sales yet"
23253,P-23253,Saniblend Cleaner,834605003834,GROCERY,,,UNIT,14.99,0.0,0.0,2026-04-16,Y,,added only,,,,NULL,NULL,,,"REVIEW - new, no sales yet"
23254,P-23254,TMPR Hydrogen Peroxide,757350671519,HEALTH & BEAUTY,,,UNIT,3.99,0.0,0.0,2026-04-16,Y,,added only,,,,NULL,NULL,,,"REVIEW - new, no sales yet"
23255,P-23255,WD-40,061536012721,GROCERY,,,UNIT,9.99,0.0,0.0,2026-04-16,Y,,added only,,,,NULL,NULL,,,"REVIEW - new, no sales yet"
23256,P-23256,Equate Nail Polish Remover,627735010373,HEALTH & BEAUTY,,,UNIT,5.75,0.0,0.0,2026-04-16,Y,,added only,,,,NULL,NULL,,,"REVIEW - new, no sales yet"
23257,P-23257,Cotton Swabs,806712307785,HEALTH & BEAUTY,,,UNIT,2.5,0.0,0.0,2026-04-16,Y,Y,both,1.0,1.0,2.82,2026-04-30,2026-04-30,126,,REVIEW - no sale in 90+ days
23258,P-23258,Gillette shaving foam 49gm,065513197661,HEALTH & BEAUTY,,,UNIT,1.99,0.0,0.0,2026-04-16,Y,,added only,,,,NULL,NULL,,,"REVIEW - new, no sales yet"
23259,P-23259,Axe Epic fresh,7791293050638,HEALTH & BEAUTY,,,UNIT,5.99,0.0,0.0,2026-04-16,Y,Y,both,1.0,1.0,6.77,2026-07-27,2026-07-27,38,,REVIEW - 2 units or fewer
23260,P-23260,Axe Apollo,079400264411,HEALTH & BEAUTY,,,UNIT,5.99,0.0,0.0,2026-04-16,Y,Y,both,1.0,1.0,6.77,2026-06-04,2026-06-04,91,,REVIEW - no sale in 90+ days
23261,P-23261,Axe Phonix,079400550200,HEALTH & BEAUTY,,,UNIT,5.99,0.0,0.0,2026-04-16,Y,,added only,,,,NULL,NULL,,,"REVIEW - new, no sales yet"
23262,P-23262,Lesalon Cosmetic pads,061541478116,HEALTH & BEAUTY,,,UNIT,2.25,0.0,0.0,2026-04-16,Y,Y,both,1.0,1.0,2.54,2026-06-05,2026-06-05,90,,REVIEW - 2 units or fewer
23263,P-23263,SBK Knee support,6939535768113,HEALTH & BEAUTY,,,UNIT,3.99,0.0,0.0,2026-04-16,Y,,added only,,,,NULL,NULL,,,"REVIEW - new, no sales yet"
23264,P-23264,Pur-est Cotton swab,806712309116,HEALTH & BEAUTY,,,UNIT,2.5,0.0,0.0,2026-04-16,Y,,added only,,,,NULL,NULL,,,"REVIEW - new, no sales yet"
23265,P-23265,Q-tips cotton swabs,065656913500,HEALTH & BEAUTY,,,UNIT,4.99,0.0,0.0,2026-04-16,Y,,added only,,,,NULL,NULL,,,"REVIEW - new, no sales yet"
23266,P-23266,Lovu cotton swabs,059338134666,HEALTH & BEAUTY,,,UNIT,3.99,0.0,0.0,2026-04-16,Y,,added only,,,,NULL,NULL,,,"REVIEW - new, no sales yet"
23267,P-23267,Global Beauty Care Wipes,814655029749,HEALTH & BEAUTY,,,UNIT,6.99,0.0,0.0,2026-04-16,Y,Y,both,1.0,1.0,7.9,2026-07-31,2026-07-31,34,,REVIEW - 2 units or fewer
23268,P-23268,Garnier Fructis Shampoo,603084491254,HEALTH & BEAUTY,,,UNIT,6.99,0.0,0.0,2026-04-16,Y,,added only,,,,NULL,NULL,,,"REVIEW - new, no sales yet"
23269,P-23269,Nivea Men Shower Gel,056594008632,HEALTH & BEAUTY,,,UNIT,8.99,0.0,0.0,2026-04-16,Y,,added only,,,,NULL,NULL,,DUP-31,"REVIEW - new, no sales yet"
23270,P-23270,Softsoap Body Wash,074182473518,HEALTH & BEAUTY,,,UNIT,6.99,0.0,0.0,2026-04-16,Y,Y,both,1.0,1.0,7.9,2026-08-09,2026-08-09,25,,REVIEW - 2 units or fewer
23271,P-23271,Nivea Men Boost Shower Gel,056594018679,HEALTH & BEAUTY,,,UNIT,8.99,0.0,0.0,2026-04-16,Y,,added only,,,,NULL,NULL,,,"REVIEW - new, no sales yet"
23272,P-23272,Dove Shampoo,079400677297,HEALTH & BEAUTY,,,UNIT,8.99,0.0,0.0,2026-04-16,Y,,added only,,,,NULL,NULL,,,"REVIEW - new, no sales yet"
23273,P-23273,Spa Soap,852474166313,HEALTH & BEAUTY,,,UNIT,3.99,0.0,0.0,2026-04-16,Y,Y,both,1.0,1.0,4.51,2026-04-30,2026-04-30,126,,REVIEW - no sale in 90+ days
23274,P-23274,Gillette Series,047400662209,HEALTH & BEAUTY,,,UNIT,7.99,0.0,0.0,2026-04-16,Y,,added only,,,,NULL,NULL,,,"REVIEW - new, no sales yet"
23275,P-23275,Dove Hair Spray Extra Hold,079400209832,HEALTH & BEAUTY,,,UNIT,9.99,0.0,0.0,2026-04-16,Y,,added only,,,,NULL,NULL,,,"REVIEW - new, no sales yet"
23276,P-23276,Pantene,080878044481,HEALTH & BEAUTY,,,UNIT,7.99,0.0,0.0,2026-04-16,Y,,added only,,,,NULL,NULL,,,"REVIEW - new, no sales yet"
23277,P-23277,Nivea men Shower Gel,056594010130,HEALTH & BEAUTY,,,UNIT,8.99,0.0,0.0,2026-04-16,Y,,added only,,,,NULL,NULL,,DUP-31,"REVIEW - new, no sales yet"
23278,P-23278,Pur-est liquid soap,806712306870,HEALTH & BEAUTY,,,UNIT,3.99,0.0,0.0,2026-04-16,Y,Y,both,1.0,1.0,4.51,2026-04-17,2026-04-17,139,DUP-27,REVIEW - no sale in 90+ days
23279,P-23279,Pur-est liquid soap,806712304708,HEALTH & BEAUTY,,,UNIT,3.99,0.0,0.0,2026-04-16,Y,Y,both,1.0,1.0,4.51,2026-05-24,2026-05-24,102,DUP-27,REVIEW - no sale in 90+ days
23280,P-23280,Nivea men shower,8067123047084005808229420,HEALTH & BEAUTY,,,UNIT,8.99,0.0,0.0,2026-04-16,Y,,added only,,,,NULL,NULL,,,"REVIEW - new, no sales yet"
23281,P-23281,Febreze air mist,030772030868,GROCERY,,,UNIT,6.5,0.0,0.0,2026-04-16,Y,Y,both,1.0,1.0,7.34,2026-06-29,2026-06-29,66,,REVIEW - 2 units or fewer
23282,P-23282,Snuggle air freshner,087399590954,GROCERY,,,UNIT,2.99,0.0,0.0,2026-04-16,Y,,added only,,,,NULL,NULL,,,"REVIEW - new, no sales yet"
23283,P-23283,Pure air,806712310396,GROCERY,,,UNIT,2.99,0.0,0.0,2026-04-16,Y,,added only,,,,NULL,NULL,,DUP-29,"REVIEW - new, no sales yet"
23284,P-23284,Pure air,806712305286,GROCERY,,,UNIT,2.99,0.0,0.0,2026-04-16,Y,Y,both,1.0,1.0,3.38,2026-06-30,2026-06-30,65,DUP-29,REVIEW - 2 units or fewer
23285,P-23285,Pabst Blue Ribbon 6 pk,056910414734,Beer,,,UNIT,14.91,0.0,0.0,2026-04-16,Y,Y,both,52.0,66.0,1122.42,2026-05-01,2026-09-03,0,,MIGRATE
23286,P-23286,Dove Men care shampoo,079400469267,HEALTH & BEAUTY,,,UNIT,8.99,0.0,0.0,2026-04-16,Y,,added only,,,,NULL,NULL,,,"REVIEW - new, no sales yet"
23287,P-23287,Conrstarch Baby Powder,060383157814,HEALTH & BEAUTY,,,UNIT,7.99,0.0,0.0,2026-04-16,Y,,added only,,,,NULL,NULL,,,"REVIEW - new, no sales yet"
23288,P-23288,Tetley Orange Pekoe,057174122137,GROCERY NO TAX,,,UNIT,5.99,0.0,0.0,2026-04-16,Y,Y,both,6.0,6.0,35.94,2026-04-30,2026-08-29,5,,MIGRATE
23289,P-23289,Tetley Green Tea,057174024417,GROCERY NO TAX,,,UNIT,4.99,0.0,0.0,2026-04-16,Y,,added only,,,,NULL,NULL,,,"REVIEW - new, no sales yet"
23290,P-23290,Noorani Hanna,813107000015,HEALTH & BEAUTY,,,UNIT,5.99,0.0,0.0,2026-04-16,Y,Y,both,2.0,2.0,13.54,2026-07-04,2026-07-25,40,DUP-21,REVIEW - 2 units or fewer
23291,P-23291,Noorani Hanna,813107000022,HEALTH & BEAUTY,,,UNIT,5.99,0.0,0.0,2026-04-16,Y,,added only,,,,NULL,NULL,,DUP-21,"REVIEW - new, no sales yet"
23292,P-23292,Fujian Black tea,6901118888013,GROCERY NO TAX,,,UNIT,2.99,0.0,0.0,2026-04-16,Y,,added only,,,,NULL,NULL,,,"REVIEW - new, no sales yet"
23293,P-23293,Munchies peanuts,060410074848,FOOD ITMES,,,UNIT,1.99,0.0,0.0,2026-04-16,Y,Y,both,4.0,4.0,9.0,2026-05-04,2026-05-17,109,,REVIEW - no sale in 90+ days
23294,P-23294,Primo Spaghettini,055900000322,GROCERY NO TAX,,,UNIT,2.5,0.0,0.0,2026-04-16,Y,,added only,,,,NULL,NULL,,,"REVIEW - new, no sales yet"
23295,P-23295,Lancia Fusilli,064200130585,GROCERY NO TAX,,,UNIT,2.5,0.0,0.0,2026-04-16,Y,Y,both,1.0,1.0,2.5,2026-08-02,2026-08-02,32,,REVIEW - 2 units or fewer
23296,P-23296,Pure clean dish washing solution,806712307839,GROCERY,,,UNIT,2.99,0.0,0.0,2026-04-16,Y,,added only,,,,NULL,NULL,,,"REVIEW - new, no sales yet"
23297,P-23297,Kalas sea salt,061308400107,GROCERY NO TAX,,,UNIT,2.99,0.0,0.0,2026-04-16,Y,,added only,,,,NULL,NULL,,,"REVIEW - new, no sales yet"
23298,P-23298,Soy Sauce,667888242337,GROCERY NO TAX,,,UNIT,2.5,0.0,0.0,2026-04-16,Y,Y,both,1.0,1.0,2.5,2026-06-30,2026-06-30,65,,REVIEW - 2 units or fewer
23299,P-23299,Bounty plus,030772201565,GROCERY,,,UNIT,3.99,0.0,0.0,2026-04-16,Y,Y,both,8.0,8.0,36.08,2026-04-19,2026-06-30,65,,MIGRATE
23300,P-23300,Kirkland Tissue,096619960095,GROCERY,,,UNIT,8.99,0.0,0.0,2026-04-16,Y,Y,both,22.0,23.0,233.68,2026-04-30,2026-09-03,0,,MIGRATE
23301,P-23301,Maria christina,063657001745,Wine,,,UNIT,18.41,0.0,0.0,2026-04-16,Y,,added only,,,,NULL,NULL,,DUP-15,"REVIEW - new, no sales yet"
23302,P-23302,Venice shot glass,069237012408,GROCERY,,,UNIT,3.99,0.0,0.0,2026-04-16,Y,,added only,,,,NULL,NULL,,,"REVIEW - new, no sales yet"
23303,P-23303,Gain laundry liquid,037000769545,HEALTH & BEAUTY,,,UNIT,9.99,0.0,0.0,2026-04-16,Y,Y,both,1.0,1.0,11.29,2026-04-19,2026-04-19,137,,REVIEW - no sale in 90+ days
23304,P-23304,Downy softner,030772100332,GROCERY,,,UNIT,9.99,0.0,0.0,2026-04-16,Y,Y,both,1.0,1.0,11.29,2026-04-17,2026-04-17,139,,REVIEW - no sale in 90+ days
23305,P-23305,Tide detergent,030772176344,GROCERY,,,UNIT,7.99,0.0,0.0,2026-04-16,Y,Y,both,10.0,11.0,99.33,2026-04-21,2026-08-18,16,DUP-07,MIGRATE
23306,P-23306,Clorox,055500017294,GROCERY,,,UNIT,5.99,0.0,0.0,2026-04-16,Y,Y,both,5.0,5.0,33.85,2026-05-01,2026-08-01,33,DUP-13,MIGRATE
23307,P-23307,Tide detergent,6903148078884,GROCERY,,,UNIT,3.99,0.0,0.0,2026-04-16,Y,Y,both,1.0,1.0,4.51,2026-05-01,2026-05-01,125,DUP-07,REVIEW - no sale in 90+ days
23308,P-23308,Catch master,029049006101,GROCERY,,,UNIT,5.99,0.0,0.0,2026-04-16,Y,,added only,,,,NULL,NULL,,,"REVIEW - new, no sales yet"
23309,P-23309,Pure klean,806712314905,GROCERY,,,UNIT,2.99,0.0,0.0,2026-04-16,Y,Y,both,2.0,2.0,6.76,2026-07-23,2026-07-27,38,,REVIEW - 2 units or fewer
23310,P-23310,Glue snare,6953937164014,GROCERY,,,UNIT,3.99,0.0,0.0,2026-04-16,Y,Y,both,1.0,1.0,4.51,2026-05-09,2026-05-09,117,,REVIEW - no sale in 90+ days
23311,P-23311,Cockroach trap,063252391913,GROCERY,,,UNIT,1.99,0.0,0.0,2026-04-16,Y,Y,both,1.0,2.0,4.5,2026-05-09,2026-05-09,117,,REVIEW - no sale in 90+ days
23312,P-23312,Uni blue air freshner,6287508115564,GROCERY,,,UNIT,3.99,0.0,0.0,2026-04-16,Y,,added only,,,,NULL,NULL,,,"REVIEW - new, no sales yet"
23313,P-23313,Old dutch,063474104179,GROCERY,,,UNIT,4.99,0.0,0.0,2026-04-16,Y,Y,both,3.0,3.0,16.92,2026-06-08,2026-09-02,1,DUP-19,MIGRATE
23314,P-23314,Water kirkland,096619321841,WATER,,,UNIT,1.0,0.0,0.0,2026-04-16,Y,Y,both,180.0,231.0,231.0,2026-04-16,2026-09-03,0,,MIGRATE
23315,P-23315,Wellson duct tape,063252385387,GROCERY,,,UNIT,2.99,0.0,0.0,2026-04-16,Y,,added only,,,,NULL,NULL,,,"REVIEW - new, no sales yet"
23316,P-23316,Wellson painters tape,063252385554,GROCERY,,,UNIT,2.99,0.0,0.0,2026-04-16,Y,,added only,,,,NULL,NULL,,,"REVIEW - new, no sales yet"
23317,P-23317,Wellson insulation tape,063252385462,GROCERY,,,UNIT,2.99,0.0,0.0,2026-04-16,Y,,added only,,,,NULL,NULL,,,"REVIEW - new, no sales yet"
23318,P-23318,Wild pard shoe polish,698931001434,GROCERY,,,UNIT,2.99,0.0,0.0,2026-04-16,Y,,added only,,,,NULL,NULL,,DUP-32,"REVIEW - new, no sales yet"
23319,P-23319,Wild pard shoe polish,698931001427,GROCERY,,,UNIT,3.99,0.0,0.0,2026-04-16,Y,,added only,,,,NULL,NULL,,DUP-32,"REVIEW - new, no sales yet"
23320,P-23320,Jackson triggs 750,063657005347,Wine,,,UNIT,13.1,0.0,0.0,2026-04-16,Y,Y,both,16.0,17.0,249.41,2026-05-05,2026-07-10,55,,MIGRATE
23321,P-23321,jackson-Triggs Pinot Grigio,063657011836,Wine,,,UNIT,13.1,0.0,0.0,2026-04-16,Y,Y,both,28.0,28.0,415.8,2026-04-20,2026-08-29,5,,MIGRATE
23322,P-23322,BASK 750,063657042052,Wine,,,UNIT,13.68,0.0,0.0,2026-04-16,Y,Y,both,17.0,18.0,281.88,2026-04-17,2026-06-26,69,,MIGRATE
23323,P-23323,Bodacious 1.5l,063657033678,Wine,,,UNIT,21.65,0.0,0.0,2026-04-16,Y,Y,both,1.0,1.0,24.66,2026-04-26,2026-04-26,130,,REVIEW - no sale in 90+ days
23324,P-23324,Jackson Triggs 1.5l,063657036563,Wine,,,UNIT,20.45,0.0,0.0,2026-04-16,Y,Y,both,2.0,2.0,46.62,2026-04-29,2026-05-08,118,,REVIEW - no sale in 90+ days
23325,P-23325,Export A Full,060100003097,TOBACCO,,,UNIT,4.42,0.0,0.0,2026-04-16,Y,Y,both,1.0,2.0,9.99,2026-07-25,2026-07-25,40,,REVIEW - 2 units or fewer
23326,P-23326,Stella Artois 6 x 473ml,062067382161,ALCOHOL,Stella,,UNIT,20.89,0.0,0.0,2026-04-16,Y,Y,both,53.0,54.0,1270.78,2026-04-19,2026-09-03,0,,MIGRATE
23327,P-23327,Dentyne Ice,073390055615,"CANDY,GUMS & CHOCOLATES",804906002010,,UNIT,1.99,0.0,0.0,2026-04-16,Y,Y,both,3.0,3.0,6.75,2026-06-18,2026-08-23,11,,MIGRATE
23328,P-23328,Doritos nacho,060410020203,CHIPS,,,UNIT,1.0,0.0,0.0,2026-04-16,Y,Y,both,26.0,31.0,35.03,2026-04-19,2026-08-31,3,,MIGRATE
23329,P-23329,Cheetos puffs,060410020197,CHIPS,,,UNIT,1.0,0.0,0.0,2026-04-16,Y,Y,both,21.0,28.0,31.64,2026-04-30,2026-08-29,5,,MIGRATE
23330,P-23330,Ruffles,060410021842,CHIPS,,,UNIT,1.0,0.0,0.0,2026-04-16,Y,Y,both,21.0,23.0,25.99,2026-05-02,2026-08-23,11,,MIGRATE
23331,P-23331,lays classic,060410050910,CHIPS,,,UNIT,1.0,0.0,0.0,2026-04-16,Y,Y,both,27.0,34.0,38.42,2026-04-26,2026-08-30,4,,MIGRATE
23332,P-23332,Captain Black,24332,TOBACCO Accessories,,,UNIT,2.22,0.0,0.0,2026-04-17,Y,,added only,,,,NULL,NULL,,DUP-33,"REVIEW - new, no sales yet"
23333,P-23333,Captain Black,24333,TOBACCO Accessories,,,UNIT,2.22,0.0,0.0,2026-04-17,Y,,added only,,,,NULL,NULL,,DUP-33,"REVIEW - new, no sales yet"
23334,P-23334,CIGARS,24334,TOBACCO,,,UNIT,0.0,0.0,0.0,2026-04-17,Y,Y,both,67.0,85.0,254.83,2026-04-17,2026-09-02,1,,MIGRATE
23335,P-23335,PRINT OUT,24335,GENERAL NO TAX,,,UNIT,0.0,0.0,0.0,2026-04-17,Y,Y,both,81.0,149.0,350.5,2026-04-19,2026-09-02,1,,MIGRATE
23336,P-23336,TOBACCO ACCESSORIES,24336,TOBACCO Accessories,,,UNIT,0.0,0.0,0.0,2026-04-17,Y,Y,both,33.0,37.0,1631.04,2026-04-19,2026-08-29,5,,MIGRATE
23337,P-23337,MISCELLANEOUS,24337,GENERAL ITEMS,,,UNIT,0.0,0.0,0.0,2026-04-17,Y,Y,both,123.0,153.0,831.15,2026-04-17,2026-09-03,0,,MIGRATE
23338,P-23338,Bandage,806712311553,GENERAL ITEMS,,,UNIT,2.99,0.0,0.0,2026-04-17,Y,,added only,,,,NULL,NULL,,DUP-30,"REVIEW - new, no sales yet"
23339,P-23339,Bandage,806712311461,GENERAL ITEMS,,,UNIT,2.99,0.0,0.0,2026-04-17,Y,Y,both,1.0,1.0,3.38,2026-06-18,2026-06-18,77,DUP-30,REVIEW - 2 units or fewer
23340,P-23340,Adaptor Plug,624274515444,Cables and Chargers,eLink,,UNIT,2.99,0.0,0.0,2026-04-17,Y,,added only,,,,NULL,NULL,,,"REVIEW - new, no sales yet"
23341,P-23341,Durag,829534916218,HEALTH & BEAUTY,,,UNIT,3.99,0.0,0.0,2026-04-17,Y,,added only,,,,NULL,NULL,,DUP-34,"REVIEW - new, no sales yet"
23342,P-23342,Du-Rag,698931001885,HEALTH & BEAUTY,,,UNIT,3.99,0.0,0.0,2026-04-17,Y,,added only,,,,NULL,NULL,,DUP-34,"REVIEW - new, no sales yet"
23343,P-23343,PHOTO,24343,GENERAL ITEMS,,,UNIT,14.99,0.0,0.0,2026-04-17,Y,Y,both,84.0,107.0,1812.56,2026-04-20,2026-09-02,1,,MIGRATE
23344,P-23344,SUPPLIER PAYOUT,24344,GENERAL NO TAX,,,UNIT,0.0,0.0,0.0,2026-04-17,Y,,added only,,,,NULL,NULL,,,"REVIEW - new, no sales yet"
23345,P-23345,ATM DEPOSIT,24345,GENERAL NO TAX,,,UNIT,0.0,0.0,0.0,2026-04-17,Y,Y,both,1.0,1.0,-400.0,2026-04-19,2026-04-19,137,,REVIEW - no sale in 90+ days
23346,P-23346,Corona Extra 6 x 330 ml,062067382413,ALCOHOL,Corona Extra,,UNIT,16.99,0.0,0.0,2026-04-17,Y,Y,both,49.0,50.0,960.0,2026-04-25,2026-08-29,5,,MIGRATE
23347,P-23347,ALCOHOL,24347,ALCOHOL,,,UNIT,0.0,0.0,0.0,2026-04-17,Y,Y,both,149.0,369.0,2116.93,2026-04-17,2026-09-03,0,,MIGRATE
23348,P-23348,BOTTLE DEPOSIT,24348,GENERAL NO TAX,,,UNIT,0.1,0.0,0.0,2026-04-17,Y,Y,both,54.0,272.0,27.2,2026-04-17,2026-08-21,13,,MIGRATE
23349,P-23349,Melona Icecream,8801104943635,Ice cream,,,UNIT,2.49,0.0,0.0,2026-04-17,Y,Y,both,16.0,23.0,55.67,2026-04-17,2026-08-19,15,,MIGRATE
23350,P-23350,Mega Sandwich,774276118126,ICE CREAMS,,,UNIT,1.99,0.0,0.0,2026-04-17,Y,Y,both,19.0,23.0,51.75,2026-04-30,2026-08-21,13,,MIGRATE
23351,P-23351,Dairy Milk 38g,061200018424,"CANDY,GUMS & CHOCOLATES",cadbury,,UNIT,2.21,0.0,0.0,2026-04-18,Y,Y,both,20.0,23.0,51.75,2026-04-19,2026-08-22,12,,MIGRATE
23352,P-23352,Caramilk,06109224,"CANDY,GUMS & CHOCOLATES",cadbury,,UNIT,1.99,0.0,0.0,2026-04-18,Y,Y,both,4.0,5.0,11.25,2026-04-18,2026-07-20,45,,MIGRATE
23353,P-23353,Benson and Hedges Carton,061900200785,TOBACCO,Benson and Hedges,,UNIT,159.3,0.0,0.0,2026-04-18,Y,Y,both,6.0,11.0,1965.08,2026-04-26,2026-08-23,11,,MIGRATE
23354,P-23354,Belmont Select 25 K Carton,061900038135,TOBACCO,BELMONT,,UNIT,153.1,0.0,0.0,2026-04-18,Y,Y,both,15.0,15.0,2595.0,2026-04-25,2026-08-28,6,,MIGRATE
23355,P-23355,Match 25 K Carton,779186000943,TOBACCO,Match,,UNIT,95.58,0.0,0.0,2026-04-18,Y,,added only,,,,NULL,NULL,,,"REVIEW - new, no sales yet"
23356,P-23356,Match 20 K Carton,779186002039,TOBACCO,,,UNIT,95.58,0.0,0.0,2026-04-18,Y,,added only,,,,NULL,NULL,,,"REVIEW - new, no sales yet"
23357,P-23357,Match Chic 25 K Caton,779186001001,TOBACCO,Match,,UNIT,95.58,0.0,0.0,2026-04-18,Y,,added only,,,,NULL,NULL,,,"REVIEW - new, no sales yet"
23358,P-23358,Match Chic 20 K,779186002060,TOBACCO,Match,,UNIT,95.58,0.0,0.0,2026-04-18,Y,Y,both,2.0,2.0,216.02,2026-04-20,2026-05-04,122,,REVIEW - no sale in 90+ days
23359,P-23359,Maison Perrier,055000216500,DRINKS,Perier,,UNIT,1.99,0.0,0.0,2026-04-18,Y,Y,both,58.0,73.0,164.23,2026-04-18,2026-09-03,0,,MIGRATE
23360,P-23360,Phillies Blunt Chocolate 5 Cigar/Pack,070235629482,TOBACCO,PHILLIES BLUNT,,UNIT,11.73,0.0,0.0,2026-04-18,Y,Y,both,11.0,11.0,145.75,2026-07-06,2026-09-01,2,,MIGRATE
23361,P-23361,Sail Deluxe Pipe Tobacco 50 g,061900068118,TOBACCO,Sail Deluxe,,UNIT,35.4,0.0,0.0,2026-04-18,Y,Y,both,4.0,4.0,160.0,2026-05-20,2026-05-31,95,,REVIEW - no sale in 90+ days
23362,P-23362,HEM GULAB,8901810000018,GROCERY,,,UNIT,0.0,0.0,0.0,2026-04-18,Y,,added only,,,,NULL,NULL,,,"REVIEW - new, no sales yet"
23363,P-23363,HEM 3IN1,8901810000056,GROCERY,,,UNIT,0.0,0.0,0.0,2026-04-18,Y,,added only,,,,NULL,NULL,,,"REVIEW - new, no sales yet"
23364,P-23364,Tide Original 1L,030772121191,GROCERY,tide,,UNIT,10.99,0.0,0.0,2026-04-19,Y,Y,both,3.0,3.0,37.26,2026-05-02,2026-05-09,117,,REVIEW - no sale in 90+ days
23365,P-23365,Haagen Dazs,055000205542,Ice cream,,,UNIT,8.99,0.0,0.0,2026-04-22,Y,,added only,,,,NULL,NULL,,DUP-16,"REVIEW - new, no sales yet"
23366,P-23366,Haagen Dazs,055000201827,Ice cream,,,UNIT,8.99,0.0,0.0,2026-04-22,Y,Y,both,1.0,2.0,20.32,2026-06-18,2026-06-18,77,DUP-16,REVIEW - 2 units or fewer
23367,P-23367,Delicious kitchen coconut water,628915831481,GROCERY,,,UNIT,1.99,0.0,0.0,2026-04-22,Y,Y,both,2.0,3.0,6.75,2026-04-23,2026-05-04,122,,REVIEW - no sale in 90+ days
23368,P-23368,PC Club soda,060383125189,GROCERY,,,UNIT,3.99,0.0,0.0,2026-04-22,Y,Y,both,1.0,1.0,4.51,2026-05-02,2026-05-02,124,,REVIEW - no sale in 90+ days
23369,P-23369,Eggs 12 Large,065651000021,GENERAL NO TAX,Burnbrae,,UNIT,5.0,0.0,0.0,2026-04-24,Y,Y,both,18.0,19.0,95.0,2026-04-25,2026-08-15,19,,MIGRATE
23370,P-23370,Sour Cream Onion 68g,064100852624,CHIPS,pringles,,UNIT,2.66,0.0,0.0,2026-04-24,Y,Y,both,12.0,14.0,42.13,2026-05-09,2026-08-31,3,,MIGRATE
23371,P-23371,DHL,24371,GENERAL NO TAX,,,UNIT,0.0,0.0,0.0,2026-04-28,Y,Y,both,1.0,1.0,283.16,2026-04-28,2026-04-28,128,,REVIEW - no sale in 90+ days
23372,P-23372,Busch Bullet,062067423529,Beer,,,UNIT,5.49,0.0,0.0,2026-04-29,Y,Y,both,48.0,69.0,438.78,2026-05-01,2026-08-22,12,,MIGRATE
23373,P-23373,Xlite lighter,877318001353,LIGHTER,,,UNIT,1.99,0.0,0.0,2026-04-29,Y,Y,both,27.0,28.0,63.0,2026-05-11,2026-06-26,69,,MIGRATE
23374,P-23374,Shrimp Crackers,031146058549,CHIPS & SNACKS,Gochujang,,UNIT,0.0,0.0,0.0,2026-05-02,Y,Y,both,2.0,2.0,5.18,2026-05-14,2026-05-16,110,,REVIEW - no sale in 90+ days
23375,P-23375,Drum Premier 50g,061900060235,TOBACCO,Drum,,UNIT,39.0,0.0,0.0,2026-05-03,Y,Y,both,12.0,13.0,572.91,2026-05-12,2026-08-20,14,,MIGRATE
23376,P-23376,Peach Tea Peach,2437606766407,bevrages,,,UNIT,1.99,0.0,0.0,2026-05-06,Y,,added only,,,,NULL,NULL,,,"REVIEW - new, no sales yet"
23377,P-23377,Oreo fam size,066721030054,COOKIES,,,UNIT,0.0,0.0,0.0,2026-05-09,Y,Y,both,2.0,2.0,13.54,2026-06-13,2026-08-16,18,,REVIEW - 2 units or fewer
23378,P-23378,Lays Hot N Sweet,060410080054,CHIPS,,,UNIT,4.99,0.0,0.0,2026-05-10,Y,Y,both,6.0,6.0,33.84,2026-07-04,2026-08-23,11,,MIGRATE
23379,P-23379,hip flask,6911831010028,OTHER,,,UNIT,9.99,0.0,0.0,2026-05-10,Y,,added only,,,,NULL,NULL,,DUP-35,"REVIEW - new, no sales yet"
23380,P-23380,hip flask,6911831010035,OTHER,,,UNIT,9.99,0.0,0.0,2026-05-10,Y,,added only,,,,NULL,NULL,,DUP-35,"REVIEW - new, no sales yet"
23381,P-23381,Ensure drink,055325004011,GROCERY NO TAX,,,UNIT,3.75,0.0,0.0,2026-05-13,Y,Y,both,5.0,6.0,22.5,2026-05-13,2026-06-01,94,,REVIEW - no sale in 90+ days
23382,P-23382,Lowenbrau 6tc,062067423246,Beer,,,UNIT,14.9,0.0,0.0,2026-05-18,Y,Y,both,41.0,43.0,725.62,2026-05-18,2026-09-03,0,,MIGRATE
23383,P-23383,Lays 200g,060410079942,GROCERY,,,UNIT,4.99,0.0,0.0,2026-05-18,Y,Y,both,7.0,8.0,45.12,2026-05-18,2026-07-21,44,,MIGRATE
23384,P-23384,060410086407,060410086407,CHIPS & SNACKS,,,UNIT,4.99,0.0,0.0,2026-05-18,Y,Y,both,1.0,1.0,5.64,2026-05-24,2026-05-24,102,,REVIEW - no sale in 90+ days
23385,P-23385,Lays,060410080078,CHIPS & SNACKS,,,UNIT,4.99,0.0,0.0,2026-05-18,Y,Y,both,2.0,2.0,11.28,2026-05-27,2026-07-24,41,,REVIEW - 2 units or fewer
23386,P-23386,Tide,030772176351,GROCERY,,,UNIT,7.99,0.0,0.0,2026-05-18,Y,Y,both,4.0,4.0,31.92,2026-05-30,2026-06-13,82,DUP-03,MIGRATE
23387,P-23387,Tide,030772188460,GROCERY,,,UNIT,6.99,0.0,0.0,2026-05-18,Y,Y,both,18.0,19.0,150.1,2026-05-20,2026-09-03,0,DUP-03,MIGRATE
23388,P-23388,Fanta 2l,067000013843,DRINKS,,,UNIT,3.99,0.0,0.0,2026-05-18,Y,Y,both,1.0,1.0,4.51,2026-05-25,2026-05-25,101,,REVIEW - no sale in 90+ days
23389,P-23389,Colgate Brush,058000309166,GROCERY,,,UNIT,2.99,0.0,0.0,2026-05-18,Y,Y,both,2.0,2.0,6.76,2026-07-18,2026-08-30,4,,REVIEW - 2 units or fewer
23390,P-23390,Coconut milk beverage,628915831504,DRINKS,,,UNIT,3.99,0.0,0.0,2026-05-18,Y,Y,both,4.0,4.0,18.04,2026-06-05,2026-06-24,71,,MIGRATE
23391,P-23391,Peelrrz,667888590582,"CANDY,GUMS & CHOCOLATES",Amo,Mango Candy,UNIT,3.49,0.0,0.0,2026-05-18,Y,Y,both,3.0,3.0,11.82,2026-05-21,2026-06-13,82,,MIGRATE
23392,P-23392,Jumbo Hamburger Bun,055742576344,BAKERY,Compliments,,UNIT,5.49,0.0,0.0,2026-05-18,Y,Y,both,1.0,1.0,6.2,2026-05-29,2026-05-29,97,,REVIEW - no sale in 90+ days
23393,P-23393,Dare Mallow,055653435006,SNACKS,,,UNIT,3.5,0.0,0.0,2026-05-18,Y,Y,both,2.0,2.0,7.92,2026-05-22,2026-06-01,94,,REVIEW - no sale in 90+ days
23394,P-23394,Lays Small Ketchup,060410025987,SNACK,FRITOLAY,,UNIT,1.0,0.0,0.0,2026-05-18,Y,Y,both,6.0,8.0,9.04,2026-06-17,2026-08-02,32,,MIGRATE
23395,P-23395,Pringles Sauce chilly,064100159372,CHIPS & SNACKS,,,UNIT,4.99,0.0,0.0,2026-05-19,Y,Y,both,1.0,1.0,5.64,2026-05-20,2026-05-20,106,,REVIEW - no sale in 90+ days
23396,P-23396,Pringles Spicy hot pot,064100159433,CHIPS & SNACKS,,,UNIT,4.99,0.0,0.0,2026-05-19,Y,Y,both,1.0,1.0,5.64,2026-07-11,2026-07-11,54,,REVIEW - 2 units or fewer
23397,P-23397,Pringles All Dressed,064100147973,CHIPS & SNACKS,,,UNIT,4.99,0.0,0.0,2026-05-19,Y,Y,both,1.0,1.0,5.64,2026-06-01,2026-06-01,94,,REVIEW - no sale in 90+ days
23398,P-23398,Pringles Masala,064100159396,CHIPS & SNACKS,,,UNIT,4.99,0.0,0.0,2026-05-19,Y,Y,both,1.0,1.0,5.64,2026-06-09,2026-06-09,86,,REVIEW - 2 units or fewer
23399,P-23399,Pepsi zero,069000013830,DRINKS,,,UNIT,2.99,0.0,0.0,2026-05-22,Y,Y,both,13.0,15.0,50.7,2026-05-26,2026-08-23,11,,MIGRATE
23400,P-23400,Peel Pop,850079218703,"CANDY,GUMS & CHOCOLATES",,,UNIT,2.99,0.0,0.0,2026-05-22,Y,Y,both,1.0,1.0,3.38,2026-05-26,2026-05-26,100,DUP-25,REVIEW - no sale in 90+ days
23401,P-23401,Peel pop,850079218666,"CANDY,GUMS & CHOCOLATES",,,UNIT,2.99,0.0,0.0,2026-05-22,Y,Y,both,1.0,1.0,3.38,2026-07-24,2026-07-24,41,DUP-25,REVIEW - 2 units or fewer
23402,P-23402,Peel Pop,850079218673,"CANDY,GUMS & CHOCOLATES",,,UNIT,2.99,0.0,0.0,2026-05-22,Y,,added only,,,,NULL,NULL,,DUP-25,"REVIEW - new, no sales yet"
23403,P-23403,Peel pop,850079218642,"CANDY,GUMS & CHOCOLATES",,,UNIT,2.99,0.0,0.0,2026-05-22,Y,Y,both,1.0,1.0,3.38,2026-06-19,2026-06-19,76,DUP-25,REVIEW - 2 units or fewer
23404,P-23404,Peel Pop,850079218710,"CANDY,GUMS & CHOCOLATES",,,UNIT,2.99,0.0,0.0,2026-05-22,Y,Y,both,1.0,2.0,6.76,2026-05-23,2026-05-23,103,DUP-25,REVIEW - no sale in 90+ days
23405,P-23405,Rumi cup noodles,8801043057318,GROCERY,,,UNIT,0.0,2.75,0.0,2026-05-23,Y,Y,both,2.0,2.0,6.22,2026-06-04,2026-08-02,32,,REVIEW - 2 units or fewer
23406,P-23406,Bubly Peach,http://pepsico.info/TULXlA,DRINKS,Bubly,,UNIT,1.5,0.0,0.0,2026-05-24,Y,Y,both,2.0,2.0,3.4,2026-05-26,2026-06-09,86,,REVIEW - 2 units or fewer
23407,P-23407,Bubly Cherry,069000155011,DRINKS,Bubly,,UNIT,1.64,0.0,0.0,2026-05-24,Y,Y,both,5.0,6.0,11.11,2026-05-30,2026-06-30,65,DUP-22,MIGRATE
23408,P-23408,Honest Lot,048162018495,Wine,,,UNIT,13.68,0.0,0.0,2026-05-25,Y,Y,both,3.0,3.0,46.98,2026-05-25,2026-08-20,14,,MIGRATE
23409,P-23409,Mikes Harder Straw Lemonade,062067427367,R.T.D.,,,UNIT,3.49,0.0,0.0,2026-05-28,Y,Y,both,34.0,49.0,197.64,2026-05-28,2026-08-14,20,,MIGRATE
23410,P-23410,Jameson Whiskey Lemonade,080432001424,R.T.D.,,,UNIT,3.89,0.0,0.0,2026-05-28,Y,Y,both,12.0,15.0,67.47,2026-05-31,2026-08-29,5,,MIGRATE
23411,P-23411,Takis int. nacho,757528050511,CHIPS & SNACKS,,,UNIT,3.99,0.0,0.0,2026-05-28,Y,Y,both,1.0,1.0,4.51,2026-07-15,2026-07-15,50,,REVIEW - 2 units or fewer
23412,P-23412,Takis,757528052942,CHIPS & SNACKS,,,UNIT,0.0,0.0,0.0,2026-05-28,Y,Y,both,1.0,1.0,4.51,2026-07-12,2026-07-12,53,,REVIEW - 2 units or fewer
23413,P-23413,Blackwood Whissky Tobacco,071610122802,TOBACCO,,,UNIT,15.0,0.0,0.0,2026-05-31,Y,Y,both,8.0,8.0,135.6,2026-06-10,2026-08-21,13,,MIGRATE
23414,P-23414,Rickards Red 473 ML,056327004948,Beer,,,UNIT,3.99,0.0,0.0,2026-05-31,Y,Y,both,3.0,3.0,13.83,2026-08-10,2026-08-15,19,,MIGRATE
23415,P-23415,Brioche Bun,059243002302,GROCERY NO TAX,,,UNIT,4.5,0.0,0.0,2026-05-31,Y,Y,both,5.0,6.0,27.0,2026-06-09,2026-08-04,30,,MIGRATE
23416,P-23416,Bodacious smooth red,063657047408,Wine,,,UNIT,12.48,0.0,0.0,2026-05-31,Y,Y,both,14.0,16.0,228.8,2026-06-06,2026-08-08,26,DUP-02,MIGRATE
23417,P-23417,Hellmans Mayo 340 ML,068400508656,GROCERY,HellMann's,,UNIT,7.99,0.0,0.0,2026-06-01,Y,Y,both,2.0,2.0,11.28,2026-06-01,2026-07-31,34,,REVIEW - 2 units or fewer
23418,P-23418,Busch Ice,062067423222,Beer,,,UNIT,15.49,0.0,0.0,2026-06-01,Y,Y,both,4.0,6.0,99.34,2026-06-04,2026-06-20,75,,MIGRATE
23419,P-23419,Allens Apple Juice,056412700052,JUICE,,,UNIT,0.89,0.0,0.0,2026-06-02,Y,Y,both,1.0,1.0,1.01,2026-07-26,2026-07-26,39,DUP-26,REVIEW - 2 units or fewer
23420,P-23420,Aluminium Foil,059212997622,GENERAL ITEMS,,,UNIT,4.99,0.0,0.0,2026-06-02,Y,Y,both,2.0,2.0,11.28,2026-06-06,2026-06-24,71,,REVIEW - 2 units or fewer
23421,P-23421,Dr Pepper 710 ml,054900021092,DRINKS,,,UNIT,2.99,0.0,0.0,2026-06-03,Y,Y,both,7.0,7.0,23.66,2026-06-16,2026-08-03,31,,MIGRATE
23422,P-23422,Mad Tom IPA,628669010101,Beer,,,UNIT,3.99,0.0,0.0,2026-06-04,Y,Y,both,8.0,10.0,46.34,2026-06-11,2026-08-14,20,,MIGRATE
23423,P-23423,Crown royal whisky cola,082000796855,R.T.D.,,,UNIT,3.49,0.0,0.0,2026-06-04,Y,Y,both,52.0,62.0,250.29,2026-06-05,2026-09-03,0,,MIGRATE
23424,P-23424,Twisted Tea Extreme Lemon,087692024224,R.T.D.,,,UNIT,3.45,0.0,0.0,2026-06-04,Y,Y,both,30.0,50.0,200.0,2026-06-08,2026-09-03,0,,MIGRATE
23425,P-23425,Sun Cruiser,087692023470,R.T.D.,,,UNIT,3.49,0.0,0.0,2026-06-04,Y,Y,both,3.0,4.0,16.13,2026-06-10,2026-08-30,4,,MIGRATE
23426,P-23426,big daddy bisc,626233743202,COOKIES,,,UNIT,2.75,0.0,0.0,2026-06-05,Y,Y,both,3.0,3.0,9.33,2026-07-04,2026-08-21,13,,MIGRATE
23427,P-23427,airheads sour,073390016463,"CANDY,GUMS & CHOCOLATES",,,UNIT,0.66,0.0,0.0,2026-06-07,Y,Y,both,7.0,12.0,8.95,2026-06-11,2026-09-02,1,,MIGRATE
23428,P-23428,Carling lager,056327016224,Beer,,,UNIT,14.89,0.0,0.0,2026-06-08,Y,Y,both,12.0,13.0,224.62,2026-06-11,2026-08-18,16,,MIGRATE
23429,P-23429,Nestle Parlour French Vanille,055000893008,DAIRY PRODUCTS,,,UNIT,7.5,0.0,0.0,2026-06-10,Y,Y,both,4.0,4.0,30.0,2026-06-23,2026-08-30,4,,MIGRATE
23430,P-23430,Nestle Parlour Vanilla,055000893053,DAIRY PRODUCTS,,,UNIT,7.5,0.0,0.0,2026-06-10,Y,Y,both,4.0,4.0,30.0,2026-06-14,2026-09-02,1,,MIGRATE
23431,P-23431,parlour Pop Mango,05506208,Ice cream,Nestle,,UNIT,1.55,0.0,0.0,2026-06-10,Y,,added only,,,,NULL,NULL,,,"REVIEW - new, no sales yet"
23432,P-23432,Parlour Juice Pop,05506101,Ice cream,Nestle,,UNIT,1.55,0.0,0.0,2026-06-10,Y,Y,both,2.0,3.0,5.25,2026-07-02,2026-07-04,61,,MIGRATE
23433,P-23433,Kirkland towel,096619188109,HOUSE HOLD ITEM,,,UNIT,3.99,0.0,0.0,2026-06-11,Y,Y,both,14.0,14.0,63.14,2026-06-14,2026-08-29,5,,MIGRATE
23434,P-23434,RXBAR,859162007620,"CANDY,GUMS & CHOCOLATES",,,UNIT,2.21,0.0,0.0,2026-06-11,Y,Y,both,4.0,4.0,10.0,2026-06-12,2026-06-26,69,DUP-24,MIGRATE
23435,P-23435,RXBAR,24435,"CANDY,GUMS & CHOCOLATES",,,UNIT,2.21,0.0,0.0,2026-06-11,Y,,added only,,,,NULL,NULL,,DUP-24,"REVIEW - new, no sales yet"
23436,P-23436,RXBAR,859162007606,"CANDY,GUMS & CHOCOLATES",,,UNIT,2.21,0.0,0.0,2026-06-11,Y,Y,both,3.0,3.0,7.5,2026-06-13,2026-07-25,40,DUP-24,MIGRATE
23437,P-23437,RXBAR,859162007583,"CANDY,GUMS & CHOCOLATES",,,UNIT,2.21,0.0,0.0,2026-06-11,Y,Y,both,4.0,4.0,10.0,2026-06-13,2026-08-02,32,DUP-24,MIGRATE
23438,P-23438,Tide,030772176368,GENERAL ITMES,,,UNIT,7.99,0.0,0.0,2026-06-11,Y,Y,both,5.0,5.0,45.15,2026-06-12,2026-08-03,31,DUP-03,MIGRATE
23439,P-23439,coors seltzer 7%,056327025080,Alcoholic Cocktails,COORS 473ML,,UNIT,3.49,0.0,0.0,2026-06-11,Y,Y,both,35.0,49.0,198.06,2026-06-13,2026-08-30,4,,MIGRATE
23440,P-23440,heinekel 6 pack 330ml bottle,072890000033,Beer,,,UNIT,19.82,0.0,0.0,2026-06-12,Y,Y,both,7.0,8.0,192.82,2026-06-13,2026-09-01,2,,MIGRATE
23441,P-23441,bush ice single,062067376191,Beer,,,UNIT,2.59,0.0,0.0,2026-06-14,Y,,added only,,,,NULL,NULL,,,"REVIEW - new, no sales yet"
23442,P-23442,Melona strawberry,8801104948418,Ice cream,,,UNIT,2.49,0.0,0.0,2026-06-15,Y,Y,both,7.0,7.0,19.67,2026-06-20,2026-08-21,13,,MIGRATE
23443,P-23443,Gain Detergent liq.,030772247747,GENERAL ITEMS,Gain,,UNIT,6.99,0.0,0.0,2026-06-16,Y,Y,both,2.0,2.0,15.8,2026-06-17,2026-06-21,74,,REVIEW - 2 units or fewer
23444,P-23444,Clorox,055500017287,GENERAL ITEMS,Clorox,,UNIT,5.99,0.0,0.0,2026-06-16,Y,Y,both,1.0,1.0,6.77,2026-06-23,2026-06-23,72,DUP-13,REVIEW - 2 units or fewer
23445,P-23445,White Claw surge,848819001654,R.T.D.,white claw,,UNIT,3.79,0.0,0.0,2026-06-18,Y,Y,both,27.0,34.0,148.98,2026-06-19,2026-08-20,14,,MIGRATE
23446,P-23446,Tiger Lager 500 ml,086428230502,Beer,,,UNIT,3.59,0.0,0.0,2026-06-19,Y,Y,both,10.0,23.0,95.61,2026-06-21,2026-08-06,28,,MIGRATE
23447,P-23447,Red Stripe Lager 6*330ml,698614021278,Beer,,,UNIT,17.49,0.0,0.0,2026-06-19,Y,Y,both,5.0,7.0,142.54,2026-06-26,2026-07-24,41,,MIGRATE
23448,P-23448,Ven Dens Adapter,5056594115120,Electronics - My top gift,,,UNIT,37.99,0.0,0.0,2026-06-19,Y,,added only,,,,NULL,NULL,,DUP-09,"REVIEW - new, no sales yet"
23449,P-23449,Hoco Adapter,6931474798695,Electronics - My top gift,,,UNIT,22.99,0.0,0.0,2026-06-19,Y,Y,both,1.0,1.0,25.41,2026-08-30,2026-08-30,4,,REVIEW - 2 units or fewer
23450,P-23450,Hoco Charger,69420762056,Electronics - My top gift,,,UNIT,15.99,0.0,0.0,2026-06-19,Y,,added only,,,,NULL,NULL,,DUP-12,"REVIEW - new, no sales yet"
23451,P-23451,Ven Dens Adapter,5056594172246,Electronics - My top gift,,,UNIT,17.99,0.0,0.0,2026-06-19,Y,Y,both,1.0,1.0,20.33,2026-07-25,2026-07-25,40,DUP-09,REVIEW - 2 units or fewer
23452,P-23452,Ven Dens Adapter,5056594114888,Electronics - My top gift,,,UNIT,20.99,0.0,0.0,2026-06-19,Y,Y,both,3.0,3.0,71.16,2026-06-30,2026-08-11,23,DUP-09,MIGRATE
23453,P-23453,Ven Dens Wireless charger,5060674508948,Electronics - My top gift,,,UNIT,17.99,0.0,0.0,2026-06-19,Y,,added only,,,,NULL,NULL,,,"REVIEW - new, no sales yet"
23454,P-23454,Hoco Headset wireless BT,6942007647809,Electronics - My top gift,,,UNIT,24.99,0.0,0.0,2026-06-19,Y,Y,both,1.0,1.0,28.24,2026-08-17,2026-08-17,17,,REVIEW - 2 units or fewer
23455,P-23455,Hoco BT Speaker,6931474798879,Electronics - My top gift,,,UNIT,29.99,0.0,0.0,2026-06-19,Y,,added only,,,,NULL,NULL,,DUP-36,"REVIEW - new, no sales yet"
23456,P-23456,Hoco - BT Speaker,6931474798886,Electronics - My top gift,,,UNIT,29.99,0.0,0.0,2026-06-19,Y,,added only,,,,NULL,NULL,,DUP-36,"REVIEW - new, no sales yet"
23457,P-23457,Hoco Headset,6942007640077,Electronics - My top gift,,,UNIT,35.99,0.0,0.0,2026-06-19,Y,,added only,,,,NULL,NULL,,DUP-37,"REVIEW - new, no sales yet"
23458,P-23458,Hoco Headset,6942007629188,Electronics - My top gift,,,UNIT,51.99,0.0,0.0,2026-06-19,Y,,added only,,,,NULL,NULL,,DUP-37,"REVIEW - new, no sales yet"
23459,P-23459,Hoco Headset with case,6942007609982,Electronics - My top gift,,,UNIT,37.99,0.0,0.0,2026-06-19,Y,,added only,,,,NULL,NULL,,DUP-38,"REVIEW - new, no sales yet"
23460,P-23460,Hoco Headset with case,6931474788863,Electronics - My top gift,,,UNIT,35.99,0.0,0.0,2026-06-19,Y,,added only,,,,NULL,NULL,,DUP-38,"REVIEW - new, no sales yet"
23461,P-23461,Hoco Charger,6942007652056,Electronics - My top gift,,,UNIT,15.99,0.0,0.0,2026-06-19,Y,Y,both,2.0,2.0,36.14,2026-06-26,2026-08-03,31,DUP-12,REVIEW - 2 units or fewer
23462,P-23462,Hoco charger adapter,6942007652032,Electronics - My top gift,,,UNIT,12.99,0.0,0.0,2026-06-19,Y,,added only,,,,NULL,NULL,,,"REVIEW - new, no sales yet"
23463,P-23463,Hoco Charger,6942007652049,Electronics - My top gift,,,UNIT,15.99,0.0,0.0,2026-06-19,Y,,added only,,,,NULL,NULL,,DUP-12,"REVIEW - new, no sales yet"
23464,P-23464,Van Dens Earphones,5056594152132,Electronics - My top gift,,,UNIT,15.99,0.0,0.0,2026-06-19,Y,Y,both,6.0,6.0,108.42,2026-06-24,2026-08-29,5,DUP-05,MIGRATE
23465,P-23465,Van dens earphones,5060674507675,Electronics - My top gift,,,UNIT,12.99,0.0,0.0,2026-06-19,Y,Y,both,2.0,2.0,29.36,2026-07-06,2026-07-08,57,DUP-05,REVIEW - 2 units or fewer
23466,P-23466,Van Dens Earphones,5060674507361,Electronics - My top gift,,,UNIT,9.99,0.0,0.0,2026-06-19,Y,Y,both,1.0,1.0,11.29,2026-08-05,2026-08-05,29,DUP-05,REVIEW - 2 units or fewer
23467,P-23467,Van Dens Earphones,5060674508870,Electronics - My top gift,,,UNIT,8.99,0.0,0.0,2026-06-19,Y,,added only,,,,NULL,NULL,,DUP-05,"REVIEW - new, no sales yet"
23468,P-23468,Van dens Power bank,5056594171195,Electronics - My top gift,,,UNIT,22.99,0.0,0.0,2026-06-19,Y,Y,both,1.0,1.0,25.98,2026-08-05,2026-08-05,29,DUP-14,REVIEW - 2 units or fewer
23469,P-23469,Van Dens Power bank,5056594152088,Electronics - My top gift,,,UNIT,27.99,0.0,0.0,2026-06-19,Y,,added only,,,,NULL,NULL,,DUP-14,"REVIEW - new, no sales yet"
23470,P-23470,Hoco Socket,6942007607124,Electronics - My top gift,,,UNIT,29.99,0.0,0.0,2026-06-19,Y,,added only,,,,NULL,NULL,,,"REVIEW - new, no sales yet"
23471,P-23471,Ven Dens Mini Car Charger,5060674507743,Electronics - My top gift,,,UNIT,9.99,0.0,0.0,2026-06-19,Y,,added only,,,,NULL,NULL,,,"REVIEW - new, no sales yet"
23472,P-23472,Ven dens car mp3 player,5060674508108,Electronics - My top gift,,,UNIT,19.99,0.0,0.0,2026-06-19,Y,Y,both,1.0,1.0,22.59,2026-07-15,2026-07-15,50,,REVIEW - 2 units or fewer
23473,P-23473,Ven Dens Power Bank,5060674508887,Electronics - My top gift,,,UNIT,34.99,0.0,0.0,2026-06-19,Y,Y,both,3.0,3.0,118.62,2026-07-08,2026-07-27,38,,MIGRATE
23474,P-23474,HocoMini Charger,6942007644754,Electronics - My top gift,,,UNIT,16.99,0.0,0.0,2026-06-19,Y,,added only,,,,NULL,NULL,,,"REVIEW - new, no sales yet"
23475,P-23475,Ven Dens Car Holder,5056594114666,Electronics - My top gift,,,UNIT,11.99,0.0,0.0,2026-06-19,Y,,added only,,,,NULL,NULL,,DUP-17,"REVIEW - new, no sales yet"
23476,P-23476,Ven Dens,5060674507446,Electronics - My top gift,,,UNIT,12.99,0.0,0.0,2026-06-19,Y,Y,both,1.0,1.0,14.68,2026-07-02,2026-07-02,63,,REVIEW - 2 units or fewer
23477,P-23477,Ven dens data cable,5060674508603,Electronics - My top gift,,,UNIT,9.99,0.0,0.0,2026-06-19,Y,Y,both,2.0,2.0,22.58,2026-07-25,2026-09-03,0,,REVIEW - 2 units or fewer
23478,P-23478,Borofone cable,6974443384666,Electronics - My top gift,,,UNIT,7.99,0.0,0.0,2026-06-19,Y,Y,both,1.0,1.0,9.03,2026-06-30,2026-06-30,65,,REVIEW - 2 units or fewer
23479,P-23479,Ven dens car holder,5056594152354,Electronics - My top gift,,,UNIT,6.99,0.0,0.0,2026-06-19,Y,,added only,,,,NULL,NULL,,DUP-17,"REVIEW - new, no sales yet"
23480,P-23480,Ven dens cable,5060674507453,Electronics - My top gift,,,UNIT,12.99,0.0,0.0,2026-06-19,Y,,added only,,,,NULL,NULL,,DUP-23,"REVIEW - new, no sales yet"
23481,P-23481,Ven dens cable,5060674507460,Electronics - My top gift,,,UNIT,12.99,0.0,0.0,2026-06-19,Y,,added only,,,,NULL,NULL,,DUP-23,"REVIEW - new, no sales yet"
23482,P-23482,Ven Dens Car holder,5056594115175,Electronics - My top gift,,,UNIT,15.99,0.0,0.0,2026-06-19,Y,Y,both,1.0,1.0,18.07,2026-07-15,2026-07-15,50,DUP-17,REVIEW - 2 units or fewer
23483,P-23483,Ven Dens cable,5056594152125,Electronics - My top gift,,,UNIT,10.99,0.0,0.0,2026-06-19,Y,Y,both,1.0,1.0,10.16,2026-08-30,2026-08-30,4,DUP-23,REVIEW - 2 units or fewer
23484,P-23484,Ven Dens Cable,5056594153153,Electronics - My top gift,,,UNIT,12.99,0.0,0.0,2026-06-19,Y,,added only,,,,NULL,NULL,,DUP-23,"REVIEW - new, no sales yet"
23485,P-23485,Ven Dens Car Holder,5056594152323,Electronics - My top gift,,,UNIT,12.99,0.0,0.0,2026-06-19,Y,Y,both,1.0,1.0,14.68,2026-07-06,2026-07-06,59,DUP-17,REVIEW - 2 units or fewer
23486,P-23486,Cable,Cable - My top gift,Electronics - My top gift,,,UNIT,5.99,0.0,0.0,2026-06-19,Y,,added only,,,,NULL,NULL,,DUP-11,"REVIEW - new, no sales yet"
23487,P-23487,Borofone Headphones,6941991101687,Electronics - My top gift,,,UNIT,49.99,0.0,0.0,2026-06-19,Y,Y,both,1.0,1.0,56.49,2026-06-30,2026-06-30,65,DUP-10,REVIEW - 2 units or fewer
23488,P-23488,Borofone Headphones,6941991101694,Electronics - My top gift,,,UNIT,49.99,0.0,0.0,2026-06-19,Y,,added only,,,,NULL,NULL,,DUP-10,"REVIEW - new, no sales yet"
23489,P-23489,Ven Dens Gaming Head Phones,5056594195597,Electronics - My top gift,,,UNIT,26.99,0.0,0.0,2026-06-19,Y,,added only,,,,NULL,NULL,,,"REVIEW - new, no sales yet"
23490,P-23490,Hoco Kids HeadPhones,6942007638555,Electronics - My top gift,,,UNIT,33.99,0.0,0.0,2026-06-19,Y,,added only,,,,NULL,NULL,,,"REVIEW - new, no sales yet"
23491,P-23491,Hoco BT Speaker,6931474752857,Electronics - My top gift,,,UNIT,60.99,0.0,0.0,2026-06-19,Y,,added only,,,,NULL,NULL,,DUP-36,"REVIEW - new, no sales yet"
23492,P-23492,Borofone Headphones,6941991101700,Electronics - My top gift,,,UNIT,49.99,0.0,0.0,2026-06-19,Y,,added only,,,,NULL,NULL,,DUP-10,"REVIEW - new, no sales yet"
23493,P-23493,Hoco Hair Clipper,6942007623780,Electronics - My top gift,,,UNIT,49.99,0.0,0.0,2026-06-19,Y,,added only,,,,NULL,NULL,,,"REVIEW - new, no sales yet"
23494,P-23494,white claw passion fruit,848819000947,Beer,,,UNIT,3.79,3.79,0.0,2026-06-21,Y,Y,both,37.0,52.0,227.87,2026-06-27,2026-09-02,1,,MIGRATE
23495,P-23495,La Petite Danish,055598622103,COOKIES,La Petite,,UNIT,2.5,0.0,0.0,2026-06-22,Y,Y,both,15.0,17.0,47.96,2026-06-27,2026-08-29,5,,MIGRATE
23496,P-23496,Tonkotsu,031146056262,GROCERY,Nongshim,,UNIT,4.0,0.0,0.0,2026-06-22,Y,Y,both,7.0,7.0,31.64,2026-06-26,2026-09-02,1,,MIGRATE
23497,P-23497,Brust Protien Coffee,990309700452,DRINKS,Brust,,UNIT,3.2,0.0,0.0,2026-06-22,Y,Y,both,11.0,11.0,39.82,2026-06-29,2026-09-02,1,,MIGRATE
23498,P-23498,bounce 34,037000823322,OTHER,,,UNIT,4.99,0.0,0.0,2026-06-27,Y,Y,both,3.0,3.0,16.92,2026-06-30,2026-08-17,17,,MIGRATE
23499,P-23499,Little Hearts,8901063136250,SNACK,Britania,,UNIT,1.99,0.0,0.0,2026-06-29,Y,Y,both,1.0,1.0,2.25,2026-08-02,2026-08-02,32,,REVIEW - 2 units or fewer
23500,P-23500,Budweisr 710ml,062067335709,Beer,budweiser,,UNIT,4.97,0.0,0.0,2026-07-01,Y,Y,both,15.0,20.0,112.35,2026-07-09,2026-09-03,0,,MIGRATE
23501,P-23501,Molson Canadian 710ml,056327006010,Beer,molson,,UNIT,4.87,0.0,0.0,2026-07-01,Y,Y,both,15.0,22.0,121.05,2026-07-06,2026-08-27,7,,MIGRATE
23502,P-23502,Michelob Ultra,062067547539,Beer,Michelob,,UNIT,21.58,0.0,0.0,2026-07-01,Y,Y,both,5.0,5.0,99.48,2026-07-13,2026-08-24,10,DUP-06,MIGRATE
23503,P-23503,Coors 6 pack,056327007956,Beer,COORS LIGHT,,UNIT,18.6,0.0,0.0,2026-07-01,Y,Y,both,21.0,22.0,462.44,2026-07-04,2026-08-28,6,,MIGRATE
23504,P-23504,Real Kimchi Noodle,8801052043661,SNACK,Real Kimchi,,UNIT,3.99,0.0,0.0,2026-07-02,Y,Y,both,4.0,4.0,18.04,2026-07-02,2026-08-06,28,,MIGRATE
23505,P-23505,High Speed Ultra Quiet HX64,6942007652650,ELECTRONICS,hoco,,UNIT,34.99,0.0,0.0,2026-07-03,Y,,added only,,,,NULL,NULL,,,"REVIEW - new, no sales yet"
23506,P-23506,Mini HX61,6942007652629,ELECTRONICS,hoco,,UNIT,22.99,0.0,0.0,2026-07-03,Y,Y,both,1.0,1.0,25.98,2026-07-06,2026-07-06,59,,REVIEW - 2 units or fewer
23507,P-23507,Ultra thin HOCO HX 65,6942007652667,ELECTRONICS,hoco,,UNIT,26.99,0.0,0.0,2026-07-03,Y,,added only,,,,NULL,NULL,,,"REVIEW - new, no sales yet"
23508,P-23508,Oasis Red Grape,067311241218,GROCERY,OASIS,,UNIT,1.77,0.0,0.0,2026-07-03,Y,Y,both,6.0,8.0,16.0,2026-07-08,2026-08-31,3,,MIGRATE
23509,P-23509,Black fly vodka grapefruit 4*400,883043000806,R.T.D.,BLACK FLY 4PK,,UNIT,11.99,11.99,0.0,2026-07-04,Y,Y,both,5.0,6.0,83.7,2026-07-07,2026-08-02,32,,MIGRATE
23510,P-23510,Lady Sarah Hazel Nut,063517038713,SNACK,Lady Sarah,,UNIT,3.29,0.0,0.0,2026-07-04,Y,Y,both,2.0,2.0,7.44,2026-07-22,2026-08-10,24,,REVIEW - 2 units or fewer
23511,P-23511,LADY SARAH Strawberry,063517038720,SNACK,Lady Sarah,,UNIT,3.29,0.0,0.0,2026-07-04,Y,Y,both,5.0,5.0,18.6,2026-08-08,2026-08-15,19,,MIGRATE
23512,P-23512,Small Aluminium tray,055966202173,GENERAL ITEMS,,,UNIT,2.99,0.0,0.0,2026-07-04,Y,Y,both,1.0,2.0,6.76,2026-07-11,2026-07-11,54,,REVIEW - 2 units or fewer
23513,P-23513,Cutlery,836739322140,GENERAL ITEMS,,,UNIT,3.99,0.0,0.0,2026-07-04,Y,,added only,,,,NULL,NULL,,DUP-28,"REVIEW - new, no sales yet"
23514,P-23514,Cutlery,836739321877,GENERAL ITEMS,,,UNIT,3.99,0.0,0.0,2026-07-04,Y,Y,both,1.0,1.0,4.51,2026-07-07,2026-07-07,58,DUP-28,REVIEW - 2 units or fewer
23515,P-23515,gain original,030772225813,GENERAL ITEMS,,,UNIT,6.99,0.0,0.0,2026-07-05,Y,Y,both,2.0,2.0,15.8,2026-07-17,2026-08-01,33,,REVIEW - 2 units or fewer
23516,P-23516,Bubly Cherry,069000159958,DRINK/SLUSHY,bub,,UNIT,2.99,0.0,0.0,2026-07-05,Y,Y,both,2.0,2.0,6.76,2026-07-25,2026-08-15,19,DUP-22,REVIEW - 2 units or fewer
23517,P-23517,Bubly Blueberry,069000161098,DRINK/SLUSHY,Bubly,Blue Berry,UNIT,2.99,0.0,0.0,2026-07-05,Y,Y,both,1.0,9.0,30.41,2026-08-15,2026-08-15,19,,MIGRATE
23518,P-23518,Pepsi Diet 710 ml,069000010662,DRINKS,PEPSI,,UNIT,3.0,0.0,0.0,2026-07-05,Y,Y,both,2.0,2.0,6.78,2026-07-13,2026-08-26,8,,REVIEW - 2 units or fewer
23519,P-23519,Bussman Fuze 20A,051712845342,ELECTRONICS,Bussman,,UNIT,5.99,0.0,0.0,2026-07-05,Y,Y,both,1.0,1.0,6.77,2026-07-28,2026-07-28,37,,REVIEW - 2 units or fewer
23520,P-23520,Yellowtail chardonnay,839743000028,Wine,Yellowtail,,UNIT,14.86,0.0,0.0,2026-07-08,Y,Y,both,2.0,3.0,50.97,2026-08-31,2026-09-03,0,,MIGRATE
23521,P-23521,Tim Hortons,063209082277,GROCERY NO TAX,Dark Roast,,UNIT,15.99,0.0,0.0,2026-07-11,Y,,added only,,,,NULL,NULL,,,"REVIEW - new, no sales yet"
23522,P-23522,Nescafe Gold,055000383998,GROCERY NO TAX,,,UNIT,13.0,0.0,0.0,2026-07-11,Y,Y,both,2.0,2.0,26.0,2026-07-29,2026-08-27,7,,REVIEW - 2 units or fewer
23523,P-23523,Nescafe,055000489256,GROCERY NO TAX,Nescafe,,UNIT,9.99,0.0,0.0,2026-07-13,Y,,added only,,,,NULL,NULL,,,"REVIEW - new, no sales yet"
23524,P-23524,Oreo Puffs,628154458197,GROCERY NO TAX,OREO,,UNIT,5.5,0.0,0.0,2026-07-13,Y,,added only,,,,NULL,NULL,,,"REVIEW - new, no sales yet"
23525,P-23525,Cheerios,065633234512,GENERAL NO TAX,Cheerios,,UNIT,5.5,0.0,0.0,2026-07-13,Y,,added only,,,,NULL,NULL,,,"REVIEW - new, no sales yet"
23526,P-23526,Tea bag,059749938747,GENERAL NO TAX,Irresistible,,UNIT,8.99,0.0,0.0,2026-07-13,Y,,added only,,,,NULL,NULL,,,"REVIEW - new, no sales yet"
23527,P-23527,Twisted Tea Part Pack,087692023425,R.T.D.,,,UNIT,29.99,0.0,0.0,2026-07-14,Y,Y,both,1.0,1.0,33.89,2026-08-25,2026-08-25,9,,REVIEW - 2 units or fewer
23528,P-23528,Strongmore Aluminium Foil,806712305026,GROCERY,,,UNIT,5.99,0.0,0.0,2026-07-15,Y,,added only,,,,NULL,NULL,,,"REVIEW - new, no sales yet"
23529,P-23529,Large Trey,055966900321,GROCERY,,,UNIT,4.5,0.0,0.0,2026-07-15,Y,,added only,,,,NULL,NULL,,,"REVIEW - new, no sales yet"
23530,P-23530,Small Trey,055966900291,GROCERY,,,UNIT,2.5,0.0,0.0,2026-07-15,Y,Y,both,1.0,1.0,2.82,2026-08-11,2026-08-11,23,,REVIEW - 2 units or fewer
23531,P-23531,Plates,055966913109,GROCERY,,,UNIT,4.99,0.0,0.0,2026-07-15,Y,Y,both,1.0,1.0,5.64,2026-07-31,2026-07-31,34,,REVIEW - 2 units or fewer
23532,P-23532,Mikes Hard Blue Freeze,062067379239,R.T.D.,mikes,,UNIT,3.49,0.0,0.0,2026-07-16,Y,Y,both,9.0,12.0,48.5,2026-07-30,2026-08-29,5,,MIGRATE
23533,P-23533,Arizona hard lemon Flavour,056327017801,R.T.D.,Arizona,,UNIT,3.39,0.0,0.0,2026-07-16,Y,Y,both,23.0,42.0,165.06,2026-07-29,2026-09-02,1,,MIGRATE
23534,P-23534,Nutrl Grape,062067392771,R.T.D.,,,UNIT,3.49,0.0,0.0,2026-07-16,Y,Y,both,8.0,10.0,40.42,2026-07-18,2026-08-26,8,,MIGRATE
23535,P-23535,Nutrl Blackberry,062067423697,R.T.D.,,,UNIT,3.79,0.0,0.0,2026-07-16,Y,Y,both,16.0,22.0,96.42,2026-07-17,2026-08-01,33,,MIGRATE
23536,P-23536,Gatorade,057271555845,DRINKS,,,UNIT,3.1,0.0,0.0,2026-07-16,Y,Y,both,2.0,4.0,14.01,2026-07-24,2026-07-27,38,DUP-20,MIGRATE
23537,P-23537,Brisk Ice Tea,069000016404,DRINKS,,,UNIT,2.99,0.0,0.0,2026-07-16,Y,Y,both,1.0,1.0,3.38,2026-07-20,2026-07-20,45,,REVIEW - 2 units or fewer
23538,P-23538,Fanta 710,067000013874,DRINKS,,,UNIT,3.2,0.0,0.0,2026-07-16,Y,Y,both,5.0,5.0,18.1,2026-08-09,2026-08-26,8,,MIGRATE
23539,P-23539,7up zero sugar,06547436,DRINKS,,,UNIT,3.99,0.0,0.0,2026-07-16,Y,Y,both,1.0,1.0,4.51,2026-07-25,2026-07-25,40,,REVIEW - 2 units or fewer
23540,P-23540,Clamato Original,065912002801,R.T.D.,,,UNIT,3.99,0.0,0.0,2026-07-16,Y,Y,both,2.0,2.0,9.22,2026-07-25,2026-07-30,35,,REVIEW - 2 units or fewer
23541,P-23541,Clamato Spicy,065912002795,R.T.D.,,,UNIT,3.99,0.0,0.0,2026-07-16,Y,Y,both,3.0,3.0,13.83,2026-08-13,2026-09-02,1,,MIGRATE
23542,P-23542,Patty,24542,FOOD ITMES,,,UNIT,2.22,0.0,0.0,2026-07-17,Y,Y,both,53.0,61.0,151.47,2026-07-23,2026-09-03,0,,MIGRATE
23543,P-23543,Patty Combo,24543,FOOD ITMES,,,UNIT,3.1,0.0,0.0,2026-07-24,Y,Y,both,10.0,10.0,35.0,2026-08-03,2026-09-03,0,,MIGRATE
23544,P-23544,Celcius Electric Vibe,889392002676,DRINKS,,,UNIT,4.99,0.0,0.0,2026-07-26,Y,Y,both,2.0,2.0,11.28,2026-08-04,2026-08-21,13,,REVIEW - 2 units or fewer
23545,P-23545,Aloevera mango,718122298341,DRINKS,,,UNIT,3.31,0.0,0.0,2026-07-26,Y,Y,both,12.0,15.0,56.1,2026-07-29,2026-09-02,1,DUP-04,MIGRATE
23546,P-23546,Special Blue,811490251823,LIGHTER,,,UNIT,7.99,0.0,0.0,2026-07-28,Y,Y,both,4.0,4.0,36.12,2026-08-01,2026-08-15,19,,MIGRATE
23547,P-23547,VB Lighter,705833099633,LIGHTER,,,UNIT,3.99,0.0,0.0,2026-07-28,Y,Y,both,9.0,9.0,40.59,2026-08-03,2026-09-02,1,,MIGRATE
23548,P-23548,Ensure Reg,055325004127,DRINKS,Ensure,,UNIT,3.31,0.0,0.0,2026-07-30,Y,Y,both,6.0,6.0,22.44,2026-07-30,2026-08-17,17,,MIGRATE
23549,P-23549,Schweppers Ginger ale,016600000760,DRINKS,Schweppers,,UNIT,2.99,0.0,0.0,2026-07-30,Y,Y,both,9.0,9.0,30.42,2026-07-31,2026-09-02,1,,MIGRATE
23550,P-23550,Rougemont Apple juice 2L,067311010029,GROCERY,,,UNIT,5.0,0.0,0.0,2026-08-02,Y,Y,both,20.0,24.0,135.6,2026-08-03,2026-09-03,0,,MIGRATE
23551,P-23551,Solid Vibe,990312906957,ENERGY DRINK,,,UNIT,3.99,0.0,0.0,2026-08-07,Y,Y,both,3.0,4.0,18.04,2026-08-13,2026-08-26,8,DUP-18,MIGRATE
23552,P-23552,Solid Vibe,990312906971,ENERGY DRINK,,,UNIT,3.99,0.0,0.0,2026-08-07,Y,Y,both,1.0,1.0,4.51,2026-08-11,2026-08-11,23,DUP-18,REVIEW - 2 units or fewer
23553,P-23553,Solid Vibe,990312906964,ENERGY DRINK,,,UNIT,3.99,0.0,0.0,2026-08-07,Y,Y,both,1.0,1.0,4.51,2026-08-23,2026-08-23,11,DUP-18,REVIEW - 2 units or fewer
23554,P-23554,Air heads soda Watermelon,860013906214,DRINKS,,,UNIT,2.75,0.0,0.0,2026-08-08,Y,Y,both,7.0,8.0,24.88,2026-08-08,2026-09-01,2,,MIGRATE
23555,P-23555,Air heads strawberry,860013906221,DRINKS,,,UNIT,2.75,0.0,0.0,2026-08-08,Y,Y,both,6.0,8.0,24.88,2026-08-16,2026-08-31,3,,MIGRATE
23556,P-23556,Pure air,806712310402,GENERAL ITEMS,,,UNIT,6.5,0.0,0.0,2026-08-08,Y,,added only,,,,NULL,NULL,,DUP-29,"REVIEW - new, no sales yet"
23557,P-23557,Pure Air,055966919088,GENERAL ITEMS,,,UNIT,6.5,0.0,0.0,2026-08-08,Y,,added only,,,,NULL,NULL,,DUP-29,"REVIEW - new, no sales yet"
23558,P-23558,Purew Air,806712305279,GENERAL ITEMS,,,UNIT,6.5,0.0,0.0,2026-08-08,Y,,added only,,,,NULL,NULL,,,"REVIEW - new, no sales yet"
23559,P-23559,Craze chocolays,777550513471,BAKERY,HOSTESS,,UNIT,4.59,0.0,0.0,2026-08-08,Y,,added only,,,,NULL,NULL,,,"REVIEW - new, no sales yet"
23560,P-23560,Tide Matic,4987176179906,GENERAL ITEMS,,,UNIT,7.99,0.0,0.0,2026-08-08,Y,Y,both,3.0,3.0,27.09,2026-08-26,2026-08-31,3,,MIGRATE
23561,P-23561,Old dutch,063474313496,GENERAL ITEMS,,,UNIT,7.89,0.0,0.0,2026-08-08,Y,Y,both,2.0,2.0,17.84,2026-08-17,2026-08-30,4,DUP-19,REVIEW - 2 units or fewer
23562,P-23562,Dettol,8901396354604,GENERAL ITEMS,,,UNIT,11.99,0.0,0.0,2026-08-08,Y,Y,both,1.0,1.0,13.55,2026-08-17,2026-08-17,17,,REVIEW - 2 units or fewer
23563,P-23563,IP PASTA,068062021746,GROCERY NO TAX,ROTINI,,UNIT,4.99,0.0,0.0,2026-08-09,Y,Y,both,1.0,1.0,4.99,2026-08-22,2026-08-22,12,,REVIEW - 2 units or fewer
23564,P-23564,Fob,24564,GENERAL NO TAX,,,UNIT,25.0,0.0,0.0,2026-08-10,Y,Y,both,2.0,2.0,50.0,2026-08-10,2026-08-31,3,,REVIEW - 2 units or fewer
23565,P-23565,Arizona Rizzler berry,613008775728,DRINKS,Arizona,,UNIT,2.65,0.0,0.0,2026-08-12,Y,Y,both,15.0,16.0,47.85,2026-08-12,2026-09-01,2,,MIGRATE
23566,P-23566,Monster Energy drink,070847900177,ENERGY DRINK,,,UNIT,3.99,0.0,0.0,2026-08-13,Y,Y,both,5.0,6.0,27.06,2026-08-13,2026-08-30,4,,MIGRATE
23567,P-23567,Shakti Coconut oil,828158272557,GROCERY NO TAX,,,UNIT,9.99,0.0,0.0,2026-08-17,Y,,added only,,,,NULL,NULL,,,"REVIEW - new, no sales yet"
23568,P-23568,Milano Giant Lady Biscuts,062858101209,GROCERY,Milano,,UNIT,3.99,0.0,0.0,2026-08-17,Y,,added only,,,,NULL,NULL,,,"REVIEW - new, no sales yet"
23569,P-23569,Gatorade,057271165044,ENERGY DRINK,,,UNIT,3.1,0.0,0.0,2026-08-18,Y,,added only,,,,NULL,NULL,,DUP-20,"REVIEW - new, no sales yet"
23570,P-23570,Haiegendas Choc,055000205665,ICE CREAMS,,,UNIT,8.99,0.0,0.0,2026-08-20,Y,,added only,,,,NULL,NULL,,,"REVIEW - new, no sales yet"
23571,P-23571,chuny monkey,058779144524,Ice cream,BEN & JERRYS,,UNIT,8.99,0.0,0.0,2026-08-20,Y,,added only,,,,NULL,NULL,,,"REVIEW - new, no sales yet"
23572,P-23572,Guiness 500 ML,5000213015414,Beer,Guiness,,UNIT,4.25,0.0,0.0,2026-08-21,Y,Y,both,4.0,11.0,53.93,2026-08-22,2026-09-02,1,,MIGRATE
23573,P-23573,Fax Premium,5741000465684,Beer,Fax,,UNIT,2.99,0.0,0.0,2026-08-21,Y,Y,both,5.0,9.0,31.32,2026-08-25,2026-08-27,7,,MIGRATE
23574,P-23574,Axe 48H,079400412935,GROCERY NO TAX,Axe,,UNIT,4.99,0.0,0.0,2026-08-23,Y,,added only,,,,NULL,NULL,,,"REVIEW - new, no sales yet"
23575,P-23575,Qtips small,305219051004,GROCERY NO TAX,Qtips,,UNIT,4.99,0.0,0.0,2026-08-23,Y,,added only,,,,NULL,NULL,,,"REVIEW - new, no sales yet"
23576,P-23576,Chap Ice,008130010128,GROCERY NO TAX,chap lip,,UNIT,6.0,0.0,0.0,2026-08-23,Y,,added only,,,,NULL,NULL,,,"REVIEW - new, no sales yet"
23577,P-23577,Dippity,067545029217,GROCERY NO TAX,,,UNIT,6.0,0.0,0.0,2026-08-23,Y,,added only,,,,NULL,NULL,,,"REVIEW - new, no sales yet"
23578,P-23578,Maria Christina,063657047378,Wine,,,UNIT,19.3,0.0,0.0,2026-08-24,Y,Y,both,1.0,1.0,22.01,2026-08-29,2026-08-29,5,DUP-15,REVIEW - 2 units or fewer
23579,P-23579,Hello Panda,072320700403,GROCERY,,,UNIT,1.0,0.0,0.0,2026-08-24,Y,Y,both,1.0,1.0,1.13,2026-08-31,2026-08-31,3,,REVIEW - 2 units or fewer
23580,P-23580,Pall Mall Bold cart.,059300527786,TOBACCO,,,UNIT,119.5,0.0,0.0,2026-08-26,Y,,added only,,,,NULL,NULL,,,"REVIEW - new, no sales yet"
23581,P-23581,Kikkoman Soy Sauce,041390001055,GROCERY,,,UNIT,7.99,0.0,0.0,2026-08-28,Y,,added only,,,,NULL,NULL,,,"REVIEW - new, no sales yet"
23582,P-23582,Margerine,059950300159,GROCERY NO TAX,flora,,UNIT,5.0,0.0,0.0,2026-08-29,Y,Y,both,1.0,1.0,5.0,2026-08-29,2026-08-29,5,,REVIEW - 2 units or fewer
23583,P-23583,Aloa Vera Visvita,718122296545,DRINKS,,,UNIT,3.31,0.0,0.0,2026-09-02,Y,Y,both,1.0,1.0,3.74,2026-09-03,2026-09-03,0,,REVIEW - 2 units or fewer
