Product Name,Product Description,Cost Price,Selling Price,Tax Percentage,Category Name
Corona Extra 6 x 330 ml,Corona Extra 6 x 330 ml,0.00,19.20,13.00,ALCOHOL
michelob ultra,michelob ultra,0.00,3.94,13.00,ALCOHOL
Stella Artois 6 x 473ml,Stella Artois 6 x 473ml,0.00,24.21,13.00,ALCOHOL
coors seltzer 7%,coors seltzer 7%,0.00,4.04,13.00,Alcoholic Cocktails
GROCERY TAX,GROCERY TAX,0.00,0.00,13.00,ALL
Craze chocolays,Craze chocolays,0.00,5.19,13.00,BAKERY
Jumbo Hamburger Bun,Jumbo Hamburger Bun,0.00,6.20,13.00,BAKERY
PASSION FLAKIE,PASSION FLAKIE,0.00,2.81,13.00,BAKERY
Arizona Hard 473,Arizona Hard 473,0.00,3.93,13.00,Beer
Black Fly Sour Raspberry 473 ML,Black Fly Sour Raspberry 473 ML,3.83,4.04,13.00,Beer
Black Fly Vodka Black Cherry 473ML,Black Fly Vodka Black Cherry 473ML,3.00,4.04,13.00,Beer
Black fly vodka cranberry 4*400,Black fly vodka cranberry 4*400,0.00,13.95,13.00,Beer
blue 473 ml,blue 473 ml,0.00,2.91,13.00,Beer
bud light 473ml,bud light 473ml,0.00,3.48,13.00,Beer
Bud light 6 Pack,Bud light 6 Pack,0.00,20.70,13.00,Beer
budweiser,budweiser,0.00,3.48,13.00,Beer
Budweisr 710ml,Budweisr 710ml,0.00,5.62,13.00,Beer
Budwieser 6pk 473ml,Budwieser 6pk 473ml,0.00,20.36,13.00,Beer
Busch Bullet,Busch Bullet,0.00,6.60,13.00,Beer
Busch Ice,Busch Ice,0.00,18.10,13.00,Beer
bush ice single,bush ice single,0.00,3.03,13.00,Beer
CAPTAIN MORGAN MANGO MAI TAI 355ML,CAPTAIN MORGAN MANGO MAI TAI 355ML,2.23,3.48,13.00,Beer
carling,carling,0.00,2.91,13.00,Beer
Carling lager,Carling lager,0.00,17.43,13.00,Beer
Coors 6 pack,Coors 6 pack,0.00,21.02,13.00,Beer
corona   473 ml,corona   473 ml,0.00,4.61,13.00,Beer
Corona Extra,Corona Extra,0.00,26.01,13.00,Beer
Cottage spring pink lemonade 473,Cottage spring pink lemonade 473,0.00,4.16,13.00,Beer
Fax Premium,Fax Premium,0.00,3.48,13.00,Beer
Faxe Amber 473,Faxe Amber 473,0.00,2.91,13.00,Beer
Flying monkey velvet bubble load 473,Flying monkey velvet bubble load 473,0.00,4.61,13.00,Beer
Guiness 500 ML,Guiness 500 ML,0.00,4.90,13.00,Beer
guniess 4 pack,guniess 4 pack,0.00,17.53,13.00,Beer
heinekel 6 pack 330ml bottle,heinekel 6 pack 330ml bottle,0.00,23.00,13.00,Beer
HEINEKEN 330UNIT,HEINEKEN 330UNIT,0.00,3.58,13.00,Beer
Heineken 500ml,Heineken 500ml,0.00,4.04,13.00,Beer
Heineken 6* 330Ml Bottle,Heineken 6* 330Ml Bottle,15.81,19.78,13.00,Beer
Heineken 6pk,Heineken 6pk,0.00,24.09,13.00,Beer
Heineken Bottle 330ml,Heineken Bottle 330ml,0.00,3.50,13.00,Beer
james ready 6 473 ml,james ready 6 473 ml,1.78,2.95,13.00,Beer
Labatt Blue 6 pack,Labatt Blue 6 pack,0.00,17.44,13.00,Beer
Laker Ice 473ML Can,Laker Ice 473ML Can,2.12,2.66,13.00,Beer
Laker Ice 6x473ml,Laker Ice 6x473ml,1.00,15.00,13.00,Beer
Laker Lager 6*473ML,Laker Lager 6*473ML,13.00,15.81,13.00,Beer
Lawenbrau 473,Lawenbrau 473,0.00,2.91,13.00,Beer
Lowenbrau 6tc,Lowenbrau 6tc,0.00,17.44,13.00,Beer
Mad Tom IPA,Mad Tom IPA,0.00,4.61,13.00,Beer
maximum ice  473 ml,maximum ice  473 ml,0.00,3.48,13.00,Beer
Michelob Ultra,Michelob Ultra,0.00,24.99,13.00,Beer
Mikes Hard Lemonade 473,Mikes Hard Lemonade 473,0.00,4.04,13.00,Beer
molson 473 ml,molson 473 ml,0.00,3.48,13.00,Beer
molson 6 pack,molson 6 pack,0.00,20.70,13.00,Beer
Molson Canadian 710ml,Molson Canadian 710ml,0.00,5.50,13.00,Beer
Molson Cold shot,Molson Cold shot,0.00,6.60,13.00,Beer
Molson Cold Shots Max,Molson Cold Shots Max,0.00,3.48,13.00,Beer
molson dry 710 ml,molson dry 710 ml,2.69,4.04,13.00,Beer
moose head  473 ml,moose head  473 ml,0.00,3.48,13.00,Beer
Moosehead 6*473ML,Moosehead 6*473ML,15.35,20.82,13.00,Beer
old milwaukee  473 ml,old milwaukee  473 ml,0.00,2.91,13.00,Beer
old milwaukee  blue 473 ml,old milwaukee  blue 473 ml,0.00,2.91,13.00,Beer
Old Milwaukee 6 pack,Old Milwaukee 6 pack,0.00,15.01,13.00,Beer
old milwaukee 6PK,old milwaukee 6PK,0.00,15.01,13.00,Beer
Pabst Blue Ribbon 6 pk,Pabst Blue Ribbon 6 pk,0.00,17.45,13.00,Beer
Red Stripe Lager 6*330ml,Red Stripe Lager 6*330ml,0.00,20.36,13.00,Beer
REV PET VODKA BEV 437ML,REV PET VODKA BEV 437ML,2.23,3.48,13.00,Beer
Rickards Red 473 ML,Rickards Red 473 ML,0.00,4.61,13.00,Beer
Sapporo 6 pk,Sapporo 6 pk,0.00,25.79,13.00,Beer
Smirnoff ice berry blast 473,Smirnoff ice berry blast 473,0.00,4.00,13.00,Beer
SMIRNOFF ICE ORIGINAL 473ML,SMIRNOFF ICE ORIGINAL 473ML,2.38,3.70,13.00,Beer
Somersby 473ML,Somersby 473ML,0.00,4.04,13.00,Beer
Tiger Lager 500 ml,Tiger Lager 500 ml,0.00,4.16,13.00,Beer
Twisted tea original 473,Twisted tea original 473,0.00,4.04,13.00,Beer
Twisted tea pineapple,Twisted tea pineapple,0.00,4.00,13.00,Beer
White Claw Mango 473ML,White Claw Mango 473ML,3.39,4.04,13.00,Beer
white claw passion fruit,white claw passion fruit,3.79,4.38,13.00,Beer
Peach Tea Peach,Peach Tea Peach,0.00,2.25,13.00,bevrages
Fuzion keepbest,Fuzion keepbest,0.00,19.20,13.00,BONG AND PIPES
HAPPY VALEMTINE 6INH,HAPPY VALEMTINE 6INH,0.00,5.64,13.00,BONG AND PIPES
Adaptor Plug,Adaptor Plug,0.00,3.38,13.00,Cables and Chargers
058496467494,BOUNTY,0.00,2.50,13.00,"CANDY,GUMS & CHOCOLATES"
061200018769,061200018769,1.18,2.25,13.00,"CANDY,GUMS & CHOCOLATES"
5 gum acsent,5 gum acsent,0.00,3.49,13.00,"CANDY,GUMS & CHOCOLATES"
5 gum cobalt,5 gum cobalt,0.00,3.38,13.00,"CANDY,GUMS & CHOCOLATES"
5 gum flood,5 gum flood,0.00,3.49,13.00,"CANDY,GUMS & CHOCOLATES"
5 gum prism,5 gum prism,0.00,3.38,13.00,"CANDY,GUMS & CHOCOLATES"
5 gum rain,5 gum rain,0.00,3.49,13.00,"CANDY,GUMS & CHOCOLATES"
AIRHEAD 15.6G CHERRY,AIRHEAD 15.6G CHERRY,0.00,0.61,13.00,"CANDY,GUMS & CHOCOLATES"
AIRHEADS 15.6G BLUE RASPBERRY,AIRHEADS 15.6G BLUE RASPBERRY,0.00,0.60,13.00,"CANDY,GUMS & CHOCOLATES"
AIRHEADS 15.6G WATER MELON,AIRHEADS 15.6G WATER MELON,0.00,0.99,13.00,"CANDY,GUMS & CHOCOLATES"
airheads sour,airheads sour,0.00,0.75,13.00,"CANDY,GUMS & CHOCOLATES"
BABY DIPPER SOUR  38G,BABY DIPPER SOUR  38G,1.50,2.81,13.00,"CANDY,GUMS & CHOCOLATES"
CADBURY CARAMILK,CADBURY CARAMILK,0.00,2.50,13.00,"CANDY,GUMS & CHOCOLATES"
CADBURY CRUNCHIE,CADBURY CRUNCHIE,0.00,2.25,13.00,"CANDY,GUMS & CHOCOLATES"
Caramilk,Caramilk,0.00,2.25,13.00,"CANDY,GUMS & CHOCOLATES"
CRY BABY,CRY BABY,0.54,2.00,13.00,"CANDY,GUMS & CHOCOLATES"
Cry Baby Assorted Gum Balls 36g,Cry Baby Assorted Gum Balls 36g,0.00,1.75,13.00,"CANDY,GUMS & CHOCOLATES"
Dairy Milk 38g,Dairy Milk 38g,0.00,2.50,13.00,"CANDY,GUMS & CHOCOLATES"
DAIRY MILK FRUIT & NUT 38GM,DAIRY MILK FRUIT & NUT 38GM,0.00,2.50,13.00,"CANDY,GUMS & CHOCOLATES"
Dentyne Ice,Dentyne Ice,0.00,2.25,13.00,"CANDY,GUMS & CHOCOLATES"
DENTYNE ICE SPEARMINT 12 PCS,DENTYNE ICE SPEARMINT 12 PCS,1.00,2.25,13.00,"CANDY,GUMS & CHOCOLATES"
Double Bubble,Double Bubble,0.00,0.28,13.00,"CANDY,GUMS & CHOCOLATES"
Double Bubble Gum Balls 36g,Double Bubble Gum Balls 36g,0.00,1.75,13.00,"CANDY,GUMS & CHOCOLATES"
DUBBLE BUBBLR 6PCS,DUBBLE BUBBLR 6PCS,0.54,2.00,13.00,"CANDY,GUMS & CHOCOLATES"
EXCEL,EXCEL,0.00,2.50,13.00,"CANDY,GUMS & CHOCOLATES"
Excel spearmint 12 pc singkles,Excel spearmint 12 pc singkles,0.00,2.50,13.00,"CANDY,GUMS & CHOCOLATES"
excel white bubble gum gum,excel white bubble gum gum,0.00,2.50,13.00,"CANDY,GUMS & CHOCOLATES"
FERRERO ROCHER,FERRERO ROCHER,0.00,3.24,13.00,"CANDY,GUMS & CHOCOLATES"
Fishermans Friend,Fishermans Friend,0.00,3.96,13.00,"CANDY,GUMS & CHOCOLATES"
Halls cherry flavour sugarfree,Halls cherry flavour sugarfree,0.00,2.54,13.00,"CANDY,GUMS & CHOCOLATES"
HALLS EXTRA FORT,HALLS EXTRA FORT,0.00,2.54,13.00,"CANDY,GUMS & CHOCOLATES"
halls honey lemon,halls honey lemon,0.00,2.54,13.00,"CANDY,GUMS & CHOCOLATES"
halls regular,halls regular,0.00,2.50,13.00,"CANDY,GUMS & CHOCOLATES"
halls vitamin c citrus,halls vitamin c citrus,0.00,2.54,13.00,"CANDY,GUMS & CHOCOLATES"
HERSHEYS COOKIES & CRACKERS N CREME S,HERSHEYS COOKIES & CRACKERS N CREME S,0.00,3.24,13.00,"CANDY,GUMS & CHOCOLATES"
"HERSHEYS MILK CANDY,GUMS & CHOCOLATES","HERSHEYS MILK CANDY,GUMS & CHOCOLATES",0.00,3.24,13.00,"CANDY,GUMS & CHOCOLATES"
HUBBA BUBBA MX ORI,HUBBA BUBBA MX ORI,0.00,2.81,13.00,"CANDY,GUMS & CHOCOLATES"
"Huer CANDY,GUMS & CHOCOLATES Cup Gummy 1","Huer CANDY,GUMS & CHOCOLATES Cup Gummy 165g",0.00,4.51,13.00,"CANDY,GUMS & CHOCOLATES"
ice vbreakers berry splash,ice vbreakers berry splash,0.00,3.94,13.00,"CANDY,GUMS & CHOCOLATES"
JACK LIKS PEPPRONI 22G,JACK LIKS PEPPRONI 22G,0.00,1.50,13.00,"CANDY,GUMS & CHOCOLATES"
JACK LIKS PEPPRONI 22G HOT,JACK LIKS PEPPRONI 22G HOT,0.00,1.57,13.00,"CANDY,GUMS & CHOCOLATES"
juicy fruit original,juicy fruit original,0.00,2.50,13.00,"CANDY,GUMS & CHOCOLATES"
KINDER BUENO,KINDER BUENO,0.00,3.38,13.00,"CANDY,GUMS & CHOCOLATES"
Kinder Chocolate,Kinder Chocolate,0.00,1.99,13.00,"CANDY,GUMS & CHOCOLATES"
KINDER EGG,KINDER EGG,0.00,2.54,13.00,"CANDY,GUMS & CHOCOLATES"
KOOL-AID LOLLIPOP DIPPERS,KOOL-AID LOLLIPOP DIPPERS,0.00,3.38,13.00,"CANDY,GUMS & CHOCOLATES"
"M & M CANDY,GUMS & CHOCOLATES 48G","M & M CANDY,GUMS & CHOCOLATES 48G",0.00,2.81,13.00,"CANDY,GUMS & CHOCOLATES"
M & M PEANUT 49G,M & M PEANUT 49G,0.00,2.81,13.00,"CANDY,GUMS & CHOCOLATES"
M&M MILK CHOC 87.9G,M&M MILK CHOC 87.9G,0.00,3.38,13.00,"CANDY,GUMS & CHOCOLATES"
MARS,MARS,0.00,2.49,13.00,"CANDY,GUMS & CHOCOLATES"
MAYNARDS FUZZY PEACH 64G,MAYNARDS FUZZY PEACH 64G,0.00,2.50,13.00,"CANDY,GUMS & CHOCOLATES"
MAYNARDS SOUR PATCH KIDS 60G,MAYNARDS SOUR PATCH KIDS 60G,0.00,2.50,13.00,"CANDY,GUMS & CHOCOLATES"
MEMTOS MINT,MEMTOS MINT,0.00,2.25,13.00,"CANDY,GUMS & CHOCOLATES"
Mentos fruit,Mentos fruit,0.00,2.25,13.00,"CANDY,GUMS & CHOCOLATES"
NERDS GRAPE 46.7G,NERDS GRAPE 46.7G,0.00,2.50,13.00,"CANDY,GUMS & CHOCOLATES"
NERDS GUMMY CLUSTERS 142G,NERDS GUMMY CLUSTERS 142G,0.00,5.64,13.00,"CANDY,GUMS & CHOCOLATES"
NESTLE AERO,NESTLE AERO,0.00,2.50,13.00,"CANDY,GUMS & CHOCOLATES"
NESTLE AERO MINT,NESTLE AERO MINT,0.00,2.50,13.00,"CANDY,GUMS & CHOCOLATES"
NESTLE GENERAL ITEMS CRISP,NESTLE GENERAL ITEMS CRISP,0.00,2.50,13.00,"CANDY,GUMS & CHOCOLATES"
NESTLE KIT KAT,NESTLE KIT KAT,0.00,2.25,13.00,"CANDY,GUMS & CHOCOLATES"
NESTLE SMARTIES,NESTLE SMARTIES,0.00,2.25,13.00,"CANDY,GUMS & CHOCOLATES"
Nutella Bread Sticks,Nutella Bread Sticks,0.00,3.94,13.00,"CANDY,GUMS & CHOCOLATES"
Peel Pop,Peel Pop,0.00,3.38,13.00,"CANDY,GUMS & CHOCOLATES"
Peel pop,Peel pop,0.00,3.38,13.00,"CANDY,GUMS & CHOCOLATES"
Peel Pop,Peel Pop,0.00,3.38,13.00,"CANDY,GUMS & CHOCOLATES"
Peel pop,Peel pop,0.00,3.38,13.00,"CANDY,GUMS & CHOCOLATES"
Peel Pop,Peel Pop,0.00,3.38,13.00,"CANDY,GUMS & CHOCOLATES"
Peelrrz,Mango Candy,0.00,3.94,13.00,"CANDY,GUMS & CHOCOLATES"
REESES 3 CUP,REESES 3 CUP,0.00,2.25,13.00,"CANDY,GUMS & CHOCOLATES"
RING POP,RING POP,0.00,1.50,13.00,"CANDY,GUMS & CHOCOLATES"
RXBAR,RXBAR,0.00,2.50,13.00,"CANDY,GUMS & CHOCOLATES"
RXBAR,RXBAR,0.00,2.50,13.00,"CANDY,GUMS & CHOCOLATES"
RXBAR,RXBAR,0.00,2.50,13.00,"CANDY,GUMS & CHOCOLATES"
RXBAR,RXBAR,0.00,2.50,13.00,"CANDY,GUMS & CHOCOLATES"
SESAME SNAPS,SESAME SNAPS,0.00,1.13,13.00,"CANDY,GUMS & CHOCOLATES"
SKITTLES ORIGINAL 61G,SKITTLES ORIGINAL 61G,0.00,2.50,13.00,"CANDY,GUMS & CHOCOLATES"
SKITTLESSOUR 51G,SKITTLESSOUR 51G,0.00,2.50,13.00,"CANDY,GUMS & CHOCOLATES"
SNICKERS,SNICKERS,0.00,2.50,13.00,"CANDY,GUMS & CHOCOLATES"
tic tac freshmint,tic tac freshmint,0.00,2.54,13.00,"CANDY,GUMS & CHOCOLATES"
tic tac fruit,tic tac fruit,0.00,3.01,13.00,"CANDY,GUMS & CHOCOLATES"
TWIX,TWIX,0.00,2.25,13.00,"CANDY,GUMS & CHOCOLATES"
WRIGLEY'S DOUBLE MINT,WRIGLEY'S DOUBLE MINT,0.00,3.72,13.00,"CANDY,GUMS & CHOCOLATES"
Teco Earphones,Teco Earphones,0.00,13.55,13.00,cell phone accesroies
USB-C Earphones,USB-C Earphones,0.00,13.55,13.00,cell phone accesroies
80 GM KABOOM,TAKIS,0.00,2.25,13.00,CHIPS
Cheetos puffs,Cheetos puffs,0.00,1.13,13.00,CHIPS
Doritos nacho,Doritos nacho,0.00,1.13,13.00,CHIPS
LAYS BAR BQ 28G,LAYS,0.00,1.13,13.00,CHIPS
lays classic,lays classic,0.00,1.13,13.00,CHIPS
LAYS DILL PICKLE 220GM,LAYS DILL PICKLE 220GM,0.00,5.64,13.00,CHIPS
Lays Hot N Sweet,Lays Hot N Sweet,0.00,5.64,13.00,CHIPS
lays kechup big 220g,lays kechup big 220g,0.00,5.64,13.00,CHIPS
LAYS MAGIC MASALA 200GM,LAYS MAGIC MASALA 200GM,2.99,5.64,13.00,CHIPS
MISS VICKS SEA SALT 55G,MISS VICKS SEA SALT 55G,2.69,3.04,13.00,CHIPS
Pringles BBQ 68g,Pringles BBQ 68g,0.00,3.01,13.00,CHIPS
PRINGLES HOT ONES 156G,PRINGLES HOT ONES 156G,2.89,4.51,13.00,CHIPS
RUFFELS CREAM ONION 28G,RUFFELS,0.00,1.13,13.00,CHIPS
Ruffles,Ruffles,0.00,1.13,13.00,CHIPS
salt nd vinegar lays,salt nd vinegar lays,0.00,5.64,13.00,CHIPS
Sour Cream Onion 68g,Sour Cream Onion 68g,0.00,3.01,13.00,CHIPS
TAKIS FUEGO 260GM,TAKIS FUEGO 260GM,4.19,4.51,13.00,CHIPS
VAGGIE ORIG.,SENSIBLE,0.00,4.51,13.00,CHIPS
VEGGIE ORIGINAL,VEGGIE,0.00,4.28,13.00,CHIPS
ZESTY RANCH,VEGGIE,0.00,5.64,13.00,CHIPS
060410086407,060410086407,0.00,5.64,13.00,CHIPS & SNACKS
all dressed 60g,all dressed 60g,0.00,2.70,13.00,CHIPS & SNACKS
ALl dresssed CHIPS & SNACKS,ALl dresssed CHIPS & SNACKS,3.17,6.20,13.00,CHIPS & SNACKS
BBQ  CHIPS & SNACKS,BBQ  CHIPS & SNACKS,3.17,6.22,13.00,CHIPS & SNACKS
Diritos Nacho 70g,Diritos Nacho 70g,1.09,2.70,13.00,CHIPS & SNACKS
DOR BLD BBQ 235G,DOR BLD BBQ 235G,3.36,6.09,13.00,CHIPS & SNACKS
DOR COL RNC 235G,DOR COL RNC 235G,3.12,6.22,13.00,CHIPS & SNACKS
DOR NCH CHS,DOR NCH CHS,3.36,6.09,13.00,CHIPS & SNACKS
DOR SWT CHL 235G,DOR SWT CHL 235G,3.36,6.09,13.00,CHIPS & SNACKS
DOR ZSTY CH 235G,DOR ZSTY CH 235G,3.36,6.09,13.00,CHIPS & SNACKS
EXCEL POLAR,EXCEL POLAR,0.00,2.50,13.00,CHIPS & SNACKS
FL MISS VICKIES SPICY DILL P,FL MISS VICKIES SPICY DILL P,3.36,6.20,13.00,CHIPS & SNACKS
FL OVEN BAKED BBQ 177G,FL OVEN BAKED BBQ 177G,0.00,6.09,13.00,CHIPS & SNACKS
FL RUFFLES REGULAR,FL RUFFLES REGULAR,0.00,6.22,13.00,CHIPS & SNACKS
ket,ket,0.00,2.47,13.00,CHIPS & SNACKS
Lays,Lays,0.00,5.64,13.00,CHIPS & SNACKS
LAYS CLASSIC 235G,LAYS CLASSIC 235G,0.00,5.64,13.00,CHIPS & SNACKS
Lay's Classic 60g,Lay's Classic 60g,1.09,2.70,13.00,CHIPS & SNACKS
LAYS LIGHTLY SALTED 235G,LAYS LIGHTLY SALTED 235G,3.44,6.09,13.00,CHIPS & SNACKS
LAYS WAVY ORIGINAL 235G,LAYS WAVY ORIGINAL 235G,3.44,6.09,13.00,CHIPS & SNACKS
Miss Vickie's Origianl 55g,Miss Vickie's Origianl 55g,0.00,2.70,13.00,CHIPS & SNACKS
MISS VICKIES SOUR CREAM & ONION,MISS VICKIES SOUR CREAM & ONION,0.00,6.09,13.00,CHIPS & SNACKS
original  CHIPS & SNACKS,original  CHIPS & SNACKS,3.36,6.20,13.00,CHIPS & SNACKS
Pringles All Dressed,Pringles All Dressed,0.00,5.64,13.00,CHIPS & SNACKS
PRINGLES BBQ,PRINGLES BBQ,0.00,5.64,13.00,CHIPS & SNACKS
Pringles Masala,Pringles Masala,0.00,5.64,13.00,CHIPS & SNACKS
Pringles Origianl 67g,Pringles Origianl 67g,0.00,3.01,13.00,CHIPS & SNACKS
PRINGLES ORIGINAL,PRINGLES ORIGINAL,0.00,5.64,13.00,CHIPS & SNACKS
PRINGLES SALT & VINEGAR,PRINGLES SALT & VINEGAR,0.00,5.64,13.00,CHIPS & SNACKS
Pringles Sauce chilly,Pringles Sauce chilly,0.00,5.64,13.00,CHIPS & SNACKS
PRINGLES SOUR CREAM& ONION,PRINGLES SOUR CREAM& ONION,0.00,5.64,13.00,CHIPS & SNACKS
Pringles Spicy hot pot,Pringles Spicy hot pot,0.00,5.64,13.00,CHIPS & SNACKS
regular CHIPS & SNACKS,regular CHIPS & SNACKS,3.17,6.20,13.00,CHIPS & SNACKS
RUFFLES CHEDDAR & SOUR CREAM,RUFFLES CHEDDAR & SOUR CREAM,0.00,6.09,13.00,CHIPS & SNACKS
Sea salt & malt vinegar,Sea salt & malt vinegar,0.00,6.22,13.00,CHIPS & SNACKS
Smart food,Smart food,0.00,6.09,13.00,CHIPS & SNACKS
SMARTFOOD MOVIE NIGHT BUTTER,SMARTFOOD MOVIE NIGHT BUTTER,0.00,6.22,13.00,CHIPS & SNACKS
Smartfood White Cheddar 45g,Smartfood White Cheddar 45g,0.00,2.70,13.00,CHIPS & SNACKS
Sour cream & BaconCHIPS & SNACKS,Sour cream & BaconCHIPS & SNACKS,0.00,6.09,13.00,CHIPS & SNACKS
Sour cream & Onion CHIPS & SNACKS,Sour cream & Onion CHIPS & SNACKS,3.17,6.22,13.00,CHIPS & SNACKS
sour cream and onion small,sour cream and onion small,0.00,2.70,13.00,CHIPS & SNACKS
TAKIES BLUE HEAT,TAKIES BLUE HEAT,0.00,4.51,13.00,CHIPS & SNACKS
Takis int. nacho,Takis int. nacho,0.00,4.51,13.00,CHIPS & SNACKS
Uncle Rays BBQ CHIPS & SNACKS 130g,Uncle Rays BBQ CHIPS & SNACKS 130g,0.00,2.83,13.00,CHIPS & SNACKS
Uncle Rays potato CHIPS & SNACKS 130g,Uncle Rays potato CHIPS & SNACKS 130g,0.00,2.83,13.00,CHIPS & SNACKS
Uncle Rays Ripple 130g,Uncle Rays Ripple 130g,0.00,2.83,13.00,CHIPS & SNACKS
big daddy bisc,big daddy bisc,0.00,3.11,13.00,COOKIES
La Petite Danish,La Petite Danish,0.00,2.83,13.00,COOKIES
Coffee Cream 1L,Coffee Cream 1L,0.00,4.99,0.00,DAIRY PRODUCTS
NESTLE BUTTERSCOTH SUNDAE,NESTLE BUTTERSCOTH SUNDAE,0.00,7.50,0.00,DAIRY PRODUCTS
Nestle Parlour French Vanille,Nestle Parlour French Vanille,0.00,7.50,0.00,DAIRY PRODUCTS
Nestle Parlour Vanilla,Nestle Parlour Vanilla,0.00,7.50,0.00,DAIRY PRODUCTS
sealtest 2%,sealtest 2%,0.00,3.99,0.00,DAIRY PRODUCTS
20 INCH FOIL,ALCAN,0.00,4.51,13.00,DAIRY PRODUCTS TAXABLE
SEALTEST 3.25% 1L,SEALTEST 3.25% 1L,0.00,4.51,13.00,DAIRY PRODUCTS TAXABLE
"SEALTEST CANDY,GUMS & CHOCOLATES MILK 47","SEALTEST CANDY,GUMS & CHOCOLATES MILK 473UNI",0.00,2.25,13.00,DAIRY PRODUCTS TAXABLE
Pabst,Pabst,0.00,2.91,13.00,DELI
Bubly Blueberry,Blue Berry,0.00,3.38,13.00,DRINK/SLUSHY
Bubly Cherry,Bubly Cherry,0.00,3.38,13.00,DRINK/SLUSHY
PREMIER PROTEIN VANILLA 325ML,PREMIER PROTEIN VANILLA 325ML,0.00,3.74,13.00,DRINK/SLUSHY
06215718,06215718,0.00,5.02,13.00,DRINKS
0ASIS APPLE 300 ML,0ASIS APPLE 300 ML,0.00,2.00,13.00,DRINKS
7up zero sugar,7up zero sugar,0.00,4.51,13.00,DRINKS
Air heads soda Watermelon,Air heads soda Watermelon,0.00,3.11,13.00,DRINKS
Air heads strawberry,Air heads strawberry,0.00,3.11,13.00,DRINKS
allens apple juice,allens apple juice,0.00,4.51,13.00,DRINKS
Aloa Vera Visvita,Aloa Vera Visvita,0.00,3.74,13.00,DRINKS
Aloe Vera Mango,Aloe Vera Mango,2.99,3.74,13.00,DRINKS
Aloevera mango,Aloevera mango,0.00,3.74,13.00,DRINKS
ALOEVERA ORIGINAL,ALOEVERA ORIGINAL,0.00,3.74,13.00,DRINKS
ARIZONA CHERRY LIME RICKEY,ARIZONA CHERRY LIME RICKEY,0.00,2.75,13.00,DRINKS
ARIZONA CUCUMBER 680ML,ARIZONA CUCUMBER 680ML,0.00,3.01,13.00,DRINKS
ARIZONA FRT PUNCH 680UNI,ARIZONA FRT PUNCH 680UNI,0.00,2.75,13.00,DRINKS
ARIZONA GREEN TEA-,ARIZONA GREEN TEA-,0.00,3.74,13.00,DRINKS
ARIZONA ICE TEA WITH RASPBERRY,ARIZONA ICE TEA WITH RASPBERRY,0.00,3.01,13.00,DRINKS
ARIZONA ICED TEA WITH LEMON,ARIZONA ICED TEA WITH LEMON,0.00,3.01,13.00,DRINKS
ARIZONA MUCHO MANGO,ARIZONA MUCHO MANGO,0.00,2.75,13.00,DRINKS
ARIZONA PEACH,ARIZONA PEACH,0.00,3.38,13.00,DRINKS
Arizona Rizzler berry,Arizona Rizzler berry,0.00,2.99,13.00,DRINKS
ARIZONA WATERMELON 680UNI,ARIZONA WATERMELON 680UNI,0.00,3.01,13.00,DRINKS
Arizone Tropicsl chillzikle,Arizone Tropicsl chillzikle,0.00,3.74,13.00,DRINKS
ARTIC VIBE,ARTIC VIBE,4.99,5.64,13.00,DRINKS
BRISK 2LT,BRISK 2LT,1.96,4.51,13.00,DRINKS
Brisk Ice Tea,Brisk Ice Tea,0.00,3.38,13.00,DRINKS
Brust Protien Coffee,Brust Protien Coffee,0.00,3.62,13.00,DRINKS
Bubly Cherry,Bubly Cherry,0.00,1.85,13.00,DRINKS
Bubly Grapefruit,Bubly Grapefruit,0.00,3.38,13.00,DRINKS
Bubly Lime,Bubly Lime,0.00,3.38,13.00,DRINKS
BUBLY MANGO,BUBLY,0.00,1.85,13.00,DRINKS
Bubly Peach,Bubly Peach,0.00,1.70,13.00,DRINKS
Bubly Peach Sparkling Water 355ML,Bubly Peach Sparkling Water 355ML,0.00,1.85,13.00,DRINKS
Canada dry 710,Canada dry 710,0.00,3.38,13.00,DRINKS
CANADA DRY CAN,CANADA DRY CAN,0.00,1.50,13.00,DRINKS
CANADA DRY CLUB SODA  2L,CANADA DRY CLUB SODA  2L,0.00,4.51,13.00,DRINKS
carling ice  473 ml,carling ice  473 ml,0.00,3.48,13.00,DRINKS
Celcius Electric Vibe,Celcius Electric Vibe,0.00,5.64,13.00,DRINKS
CELSIUS PEACH VIBE 330UNI,CELSIUS PEACH VIBE 330UNI,0.00,4.51,13.00,DRINKS
CELSIUS TROPICAL 330UNI,CELSIUS TROPICAL 330UNI,0.00,4.51,13.00,DRINKS
COCA ORIGINAL 355UNI,COCA ORIGINAL 355UNI,0.00,1.50,13.00,DRINKS
Coconut milk beverage,Coconut milk beverage,0.00,4.51,13.00,DRINKS
COKE 2L,COKE 2L,0.00,4.51,13.00,DRINKS
COKE DIET 2L,COKE DIET 2L,0.00,4.51,13.00,DRINKS
COKE DIET 710ML,COKE DIET 710ML,0.00,3.38,13.00,DRINKS
COKE ZERO 2L,COKE ZERO 2L,0.00,4.51,13.00,DRINKS
COKE ZERO 355UNI CAN,COKE ZERO 355UNI CAN,0.00,1.50,13.00,DRINKS
COLA OG 710UNI,COLA OG 710UNI,2.49,3.38,13.00,DRINKS
COOL RUNNINGS 500ML,COOL RUNNINGS 500ML,0.00,2.99,13.00,DRINKS
coors   473 ml,coors   473 ml,0.00,3.48,13.00,DRINKS
crus,crus,0.00,2.02,13.00,DRINKS
Crush,Crush,0.00,1.50,13.00,DRINKS
CRUSH ORANGE,CRUSH ORANGE,0.00,1.50,13.00,DRINKS
CRUSH ORANGE 710ML,CRUSH ORANGE 710ML,0.00,3.38,13.00,DRINKS
del monte mango,del monte mango,0.00,4.03,13.00,DRINKS
Del monte orange,Del monte orange,0.00,3.96,13.00,DRINKS
diet a and w 2lt,diet a and w 2lt,0.00,4.85,13.00,DRINKS
DIET COKE 355UNI CAN,DIET COKE 355UNI CAN,0.00,1.50,13.00,DRINKS
Dr Pepper 710 ml,Dr Pepper 710 ml,0.00,3.38,13.00,DRINKS
DR PEPPER CAN,DR PEPPER CAN,0.00,1.75,13.00,DRINKS
DRINKS 2l,DRINKS 2l,0.00,4.51,13.00,DRINKS
DRINKS 355UNI--,DRINKS 355UNI--,0.00,1.50,13.00,DRINKS
DRINKS 710ML,DRINKS 710ML,0.00,3.38,13.00,DRINKS
DRINKS 7UP 2LT,DRINKS 7UP 2LT,0.00,4.51,13.00,DRINKS
DRINKS CRUSH CREAM SODA 2LT,DRINKS CRUSH CREAM SODA 2LT,0.00,4.51,13.00,DRINKS
DRINKS CRUSH ORANGE 2LT,DRINKS CRUSH ORANGE 2LT,0.00,4.69,13.00,DRINKS
DRINKS DR PAPPER 2LT,DRINKS DR PAPPER 2LT,0.00,4.51,13.00,DRINKS
DRINKS ZERO SUGAR 710,DRINKS ZERO SUGAR 710,0.00,3.94,13.00,DRINKS
Ensure Reg,Ensure Reg,0.00,3.74,13.00,DRINKS
Fanta,Fanta,0.00,2.11,13.00,DRINKS
Fanta 2l,Fanta 2l,0.00,4.51,13.00,DRINKS
FANTA 2L OR,FANTA 2L OR,0.00,5.01,13.00,DRINKS
Fanta 355,Fanta 355,0.00,1.50,13.00,DRINKS
Fanta 710,Fanta 710,0.00,3.62,13.00,DRINKS
fanta can,fanta can,0.00,1.50,13.00,DRINKS
Fanta Strawberry 2L,Fanta Strawberry 2L,1.00,4.51,13.00,DRINKS
FIJI 1.5L,FIJI 1.5L,0.00,5.07,13.00,DRINKS
FRESCA   2L,FRESCA   2L,2.04,4.51,13.00,DRINKS
FRITR ICED TEA,FRITR ICED TEA,1.66,4.51,13.00,DRINKS
FRUITIE FRUIT PUNCH,FRUITIE FRUIT PUNCH,0.00,4.51,13.00,DRINKS
fuse,fuse,0.00,1.75,13.00,DRINKS
G CITRON LIME 710UNI,G CITRON LIME 710UNI,0.00,3.96,13.00,DRINKS
G COOL BLUE  591UNI,G COOL BLUE  591UNI,1.66,2.37,13.00,DRINKS
G COOL BLUE 591UNI,G COOL BLUE 591UNI,0.00,3.38,13.00,DRINKS
G COOL CLUE 710UNI,G COOL CLUE 710UNI,0.00,3.96,13.00,DRINKS
G FRIU PUNCH 591UNI,G FRIU PUNCH 591UNI,1.66,3.38,13.00,DRINKS
G FRIUT PUNCH 710UNI,G FRIUT PUNCH 710UNI,1.47,3.96,13.00,DRINKS
G ORANGE 591UNI,G ORANGE 591UNI,1.66,3.50,13.00,DRINKS
G ZERO BERRY,G ZERO BERRY,0.00,3.38,13.00,DRINKS
G ZERO BERRY  591UNI,G ZERO BERRY  591UNI,0.00,3.38,13.00,DRINKS
G ZERO GLACIER FREEZE,G ZERO GLACIER FREEZE,0.00,3.38,13.00,DRINKS
G ZERO LEMON LIM E  591UNI,G ZERO LEMON LIM E  591UNI,0.00,3.38,13.00,DRINKS
G ZERO ORANGE 591UNI,G ZERO ORANGE 591UNI,0.00,3.38,13.00,DRINKS
G2 FRUIT PUNCH 591UNI,G2 FRUIT PUNCH 591UNI,0.00,3.50,13.00,DRINKS
G2 ORANGE   591UNI,G2 ORANGE   591UNI,0.00,3.50,13.00,DRINKS
Gatorade,Gatorade,0.00,3.50,13.00,DRINKS
GATORADE G2 GRAPE 591UNI,GATORADE G2 GRAPE 591UNI,0.00,3.38,13.00,DRINKS
G-ZERO LIME 591UNI,G-ZERO LIME 591UNI,0.00,3.50,13.00,DRINKS
http://pepsico.info/4yLCUx,http://pepsico.info/4yLCUx,0.00,3.38,13.00,DRINKS
laker ice black 473 ml,laker ice black 473 ml,0.00,2.91,13.00,DRINKS
laker lager  473 ml,laker lager  473 ml,0.00,2.91,13.00,DRINKS
Laker red,Laker red,0.00,2.91,13.00,DRINKS
Maison Perrier,Maison Perrier,0.00,2.25,13.00,DRINKS
MOJI LIGHTER,SMOKE,0.00,8.19,13.00,DRINKS
MONSTER ORIGINAL,MONSTER ORIGINAL,0.00,4.51,13.00,DRINKS
MONSTER ULTRA PEACHY KEEN,MONSTER ULTRA PEACHY KEEN,0.00,4.51,13.00,DRINKS
MONSTER ULTRA ZERO,MONSTER ULTRA ZERO,0.00,4.51,13.00,DRINKS
MONSTER ZERO SUGAR,MONSTER ZERO SUGAR,0.00,4.51,13.00,DRINKS
Mug Root Beer 355ml,Mug Root Beer 355ml,0.00,1.50,13.00,DRINKS
NAYA 600ml,NAYA 600ml,0.00,1.75,13.00,DRINKS
NESTEA LEMON 355ML,NESTEA LEMON 355ML,0.67,1.50,13.00,DRINKS
OASIS ORANGE 300 ML,OASIS ORANGE 300 ML,0.00,2.00,13.00,DRINKS
PEACE TEA PEACH,PEACE TEA PEACH,0.00,2.25,13.00,DRINKS
PEACE TEA RASPBERRY,PEACE TEA RASPBERRY,0.00,2.25,13.00,DRINKS
PEACE TEA SNO BERRY,PEACE TEA SNO BERRY,0.00,2.25,13.00,DRINKS
Pepsi Diet 710 ml,Pepsi Diet 710 ml,0.00,3.39,13.00,DRINKS
Pepsi zero,Pepsi zero,0.00,3.38,13.00,DRINKS
pine apple burst,pine apple burst,0.00,4.03,13.00,DRINKS
POP SHOP BLACK CHERRY,POP SHOP BLACK CHERRY,0.00,2.51,13.00,DRINKS
"POP SHOP COTTON CANDY,GUMS & CHOCOLATES","POP SHOP COTTON CANDY,GUMS & CHOCOLATES",0.00,2.51,13.00,DRINKS
POP SHOP CREAM SODA,POP SHOP CREAM SODA,0.00,2.51,13.00,DRINKS
POP SHOP LIME,POP SHOP LIME,0.00,2.51,13.00,DRINKS
POWER ADE FRUIT PUNCH,POWER ADE FRUIT PUNCH,0.00,3.94,13.00,DRINKS
POWER ADE MELON PINEAPPLE,POWER ADE MELON PINEAPPLE,0.00,3.38,13.00,DRINKS
POWER ADE MIX BERRY,POWER ADE MIX BERRY,0.00,3.94,13.00,DRINKS
POWER ADE ORANGE,POWER ADE ORANGE,0.00,3.38,13.00,DRINKS
powerade zero blue,powerade zero blue,0.00,3.94,13.00,DRINKS
powerade zero punch,powerade zero punch,0.00,3.94,13.00,DRINKS
Pwrd,Pwrd,0.00,3.94,13.00,DRINKS
RED BULL 250 original,RED BULL 250 original,0.00,4.01,13.00,DRINKS
RED BULL 355 UNI,RED BULL 355 UNI,0.00,4.24,13.00,DRINKS
RED BULL 473 UNI,RED BULL 473 UNI,0.00,6.50,13.00,DRINKS
RED BULL SUGAR FREE 250 UNI,RED BULL SUGAR FREE 250 UNI,0.00,4.01,13.00,DRINKS
RED BULL SUGAR FREE 355 UNI,RED BULL SUGAR FREE 355 UNI,0.00,4.24,13.00,DRINKS
Schweppers Ginger ale,Schweppers Ginger ale,0.00,3.38,13.00,DRINKS
SCHWEPPES 2LT,SCHWEPPES 2LT,0.00,4.85,13.00,DRINKS
soda club,soda club,0.00,1.50,13.00,DRINKS
sprite  zero sugar,sprite  zero sugar,0.00,4.85,13.00,DRINKS
SPRITE 2L,SPRITE 2L,0.00,4.51,13.00,DRINKS
SPRITE 710 ML,SPRITE 710 ML,0.00,3.38,13.00,DRINKS
SPRITE CAN,SPRITE CAN,0.00,1.68,13.00,DRINKS
Steam Whistle,Steam Whistle,0.00,4.50,13.00,DRINKS
stella  473 ml,stella  473 ml,0.00,3.94,13.00,DRINKS
SUNNY D ORANGE ST,SUNNY D ORANGE ST,0.00,2.25,13.00,DRINKS
SUNNY TANGY ORIGINAL,SUNNY TANGY ORIGINAL,0.00,2.25,13.00,DRINKS
ting sparkling grape fruit,ting sparkling grape fruit,0.00,2.75,13.00,DRINKS
TONIC WATERMELON,ARIZONA,0.00,3.74,13.00,DRINKS
Twisted Tea,Twisted Tea,3.99,4.51,13.00,DRINKS
Vita coconut waster 330ml,Vita coconut waster 330ml,0.00,2.81,13.00,DRINKS
Allens apple juice 200ml,Allens apple juice 200ml,0.00,1.00,0.00,DRINKS NO TAX
COCONUT WATER 500UNI,COCONUT WATER 500UNI,0.00,3.50,0.00,DRINKS NO TAX
Ensure Protein Drink Strawberry,Ensure Protein Drink Strawberry,0.00,3.75,0.00,DRINKS NO TAX
Ensure Protein Drink Vanilla,Ensure Protein Drink Vanilla,0.00,3.75,0.00,DRINKS NO TAX
Ensure Protien Drink Chocolate,Ensure Protien Drink Chocolate,0.00,3.75,0.00,DRINKS NO TAX
Nestea,Nestea,0.00,2.50,0.00,DRINKS NO TAX
Bussman Fuze 20A,Bussman Fuze 20A,0.00,6.77,13.00,ELECTRONICS
High Speed Ultra Quiet HX64,High Speed Ultra Quiet HX64,0.00,39.54,13.00,ELECTRONICS
Mini HX61,Mini HX61,0.00,25.98,13.00,ELECTRONICS
Type C cable,Type C cable,0.00,11.29,13.00,ELECTRONICS
Ultra thin HOCO HX 65,Ultra thin HOCO HX 65,0.00,30.50,13.00,ELECTRONICS
USB C TYPE CABLE TECO,USB C TYPE CABLE TECO,0.00,11.29,13.00,ELECTRONICS
Borofone cable,Borofone cable,0.00,9.03,13.00,Electronics - My top gift
Borofone Headphones,Borofone Headphones,0.00,56.49,13.00,Electronics - My top gift
Borofone Headphones,Borofone Headphones,0.00,56.49,13.00,Electronics - My top gift
Borofone Headphones,Borofone Headphones,0.00,56.49,13.00,Electronics - My top gift
Cable,Cable,0.00,6.77,13.00,Electronics - My top gift
Hoco - BT Speaker,Hoco - BT Speaker,0.00,33.89,13.00,Electronics - My top gift
Hoco Adapter,Hoco Adapter,0.00,25.98,13.00,Electronics - My top gift
Hoco BT Speaker,Hoco BT Speaker,0.00,33.89,13.00,Electronics - My top gift
Hoco BT Speaker,Hoco BT Speaker,0.00,68.92,13.00,Electronics - My top gift
Hoco Charger,Hoco Charger,0.00,18.07,13.00,Electronics - My top gift
Hoco Charger,Hoco Charger,0.00,18.07,13.00,Electronics - My top gift
Hoco Charger,Hoco Charger,0.00,18.07,13.00,Electronics - My top gift
Hoco charger adapter,Hoco charger adapter,0.00,14.68,13.00,Electronics - My top gift
Hoco Hair Clipper,Hoco Hair Clipper,0.00,56.49,13.00,Electronics - My top gift
Hoco Headset,Hoco Headset,0.00,40.67,13.00,Electronics - My top gift
Hoco Headset,Hoco Headset,0.00,58.75,13.00,Electronics - My top gift
Hoco Headset wireless BT,Hoco Headset wireless BT,0.00,28.24,13.00,Electronics - My top gift
Hoco Headset with case,Hoco Headset with case,0.00,42.93,13.00,Electronics - My top gift
Hoco Headset with case,Hoco Headset with case,0.00,40.67,13.00,Electronics - My top gift
Hoco Kids HeadPhones,Hoco Kids HeadPhones,0.00,38.41,13.00,Electronics - My top gift
Hoco Socket,Hoco Socket,0.00,33.89,13.00,Electronics - My top gift
HocoMini Charger,HocoMini Charger,0.00,19.20,13.00,Electronics - My top gift
Van Dens Earphones,Van Dens Earphones,0.00,18.07,13.00,Electronics - My top gift
Van dens earphones,Van dens earphones,0.00,14.68,13.00,Electronics - My top gift
Van Dens Earphones,Van Dens Earphones,0.00,11.29,13.00,Electronics - My top gift
Van Dens Earphones,Van Dens Earphones,0.00,10.16,13.00,Electronics - My top gift
Van dens Power bank,Van dens Power bank,0.00,25.98,13.00,Electronics - My top gift
Van Dens Power bank,Van Dens Power bank,0.00,31.63,13.00,Electronics - My top gift
Ven Dens,Ven Dens,0.00,14.68,13.00,Electronics - My top gift
Ven Dens Adapter,Ven Dens Adapter,0.00,20.33,13.00,Electronics - My top gift
Ven Dens Adapter,Ven Dens Adapter,0.00,23.72,13.00,Electronics - My top gift
Ven Dens Adapter,Ven Dens Adapter,0.00,42.93,13.00,Electronics - My top gift
Ven Dens cable,Ven Dens cable,0.00,12.42,13.00,Electronics - My top gift
Ven Dens Cable,Ven Dens Cable,0.00,14.68,13.00,Electronics - My top gift
Ven dens cable,Ven dens cable,0.00,14.68,13.00,Electronics - My top gift
Ven dens cable,Ven dens cable,0.00,14.68,13.00,Electronics - My top gift
Ven Dens Car holder,Ven Dens Car holder,0.00,18.07,13.00,Electronics - My top gift
Ven dens car holder,Ven dens car holder,0.00,7.90,13.00,Electronics - My top gift
Ven Dens Car Holder,Ven Dens Car Holder,0.00,14.68,13.00,Electronics - My top gift
Ven Dens Car Holder,Ven Dens Car Holder,0.00,13.55,13.00,Electronics - My top gift
Ven dens car mp3 player,Ven dens car mp3 player,0.00,22.59,13.00,Electronics - My top gift
Ven dens data cable,Ven dens data cable,0.00,11.29,13.00,Electronics - My top gift
Ven Dens Gaming Head Phones,Ven Dens Gaming Head Phones,0.00,30.50,13.00,Electronics - My top gift
Ven Dens Mini Car Charger,Ven Dens Mini Car Charger,0.00,11.29,13.00,Electronics - My top gift
Ven Dens Power Bank,Ven Dens Power Bank,0.00,39.54,13.00,Electronics - My top gift
Ven Dens Wireless charger,Ven Dens Wireless charger,0.00,20.33,13.00,Electronics - My top gift
Gatorade,Gatorade,0.00,3.50,13.00,ENERGY DRINK
Monster Energy drink,Monster Energy drink,0.00,4.51,13.00,ENERGY DRINK
Solid Vibe,Solid Vibe,0.00,4.51,13.00,ENERGY DRINK
Solid Vibe,Solid Vibe,0.00,4.51,13.00,ENERGY DRINK
Solid Vibe,Solid Vibe,0.00,4.51,13.00,ENERGY DRINK
Munchies peanuts,Munchies peanuts,0.00,2.25,13.00,FOOD ITMES
Patty,Patty,0.00,2.51,13.00,FOOD ITMES
Patty Combo,Patty Combo,0.00,3.50,13.00,FOOD ITMES
25D Lighter,25D Lighter,1.00,1.70,13.00,GENERAL ITEMS
Aluminium Foil,Aluminium Foil,0.00,5.64,13.00,GENERAL ITEMS
Bandage,Bandage,0.00,3.38,13.00,GENERAL ITEMS
Bandage,Bandage,0.00,3.38,13.00,GENERAL ITEMS
BANDANA,BANDANA,0.00,3.38,13.00,GENERAL ITEMS
bubbly mango,bubbly mango,0.00,2.59,13.00,GENERAL ITEMS
Clorox,Clorox,0.00,6.77,13.00,GENERAL ITEMS
Cutlery,Cutlery,0.00,4.51,13.00,GENERAL ITEMS
Cutlery,Cutlery,0.00,4.51,13.00,GENERAL ITEMS
Dettol,Dettol,0.00,13.55,13.00,GENERAL ITEMS
Gain Detergent liq.,Gain Detergent liq.,0.00,7.90,13.00,GENERAL ITEMS
gain original,gain original,0.00,7.90,13.00,GENERAL ITEMS
Lays Sour Cream & Onion,Lays Sour Cream & Onion,1.00,5.64,13.00,GENERAL ITEMS
MISCELLANEOUS,MISCELLANEOUS,0.00,0.00,13.00,GENERAL ITEMS
OCB Regular,OCB Regular,3.49,3.38,13.00,GENERAL ITEMS
Old dutch,Old dutch,0.00,8.92,13.00,GENERAL ITEMS
PHOTO,PHOTO,0.00,16.94,13.00,GENERAL ITEMS
Pure air,Pure air,0.00,7.35,13.00,GENERAL ITEMS
Pure Air,Pure Air,0.00,7.35,13.00,GENERAL ITEMS
Purew Air,Purew Air,0.00,7.35,13.00,GENERAL ITEMS
Small Aluminium tray,Small Aluminium tray,0.00,3.38,13.00,GENERAL ITEMS
sparemint,sparemint,0.00,3.38,13.00,GENERAL ITEMS
Tide Matic,Tide Matic,0.00,9.03,13.00,GENERAL ITEMS
Titan Freezer Bags,Titan Freezer Bags,0.00,3.11,13.00,GENERAL ITEMS
Tide,Tide,0.00,9.03,13.00,GENERAL ITMES
BOTTLE DEPOSIT,BOTTLE DEPOSIT,0.00,0.10,0.00,GENERAL NO TAX
Cheerios,Cheerios,0.00,5.50,0.00,GENERAL NO TAX
Corned Beef 340g,Corned Beef 340g,0.00,5.99,0.00,GENERAL NO TAX
CREDIT CARD FEE,CREDIT CARD FEE,0.00,0.00,0.00,GENERAL NO TAX
DEBIT CARD FEES,DEBIT CARD FEES,0.00,0.25,0.00,GENERAL NO TAX
DHL,DHL,0.00,0.00,0.00,GENERAL NO TAX
Eggs 12 Large,Eggs 12 Large,0.00,5.00,0.00,GENERAL NO TAX
Fob,Fob,0.00,25.00,0.00,GENERAL NO TAX
LD LIGHTER,LD,0.00,3.00,0.00,GENERAL NO TAX
PRINT OUT,PRINT OUT,0.00,0.00,0.00,GENERAL NO TAX
SUPPLIER PAYOUT,SUPPLIER PAYOUT,0.00,0.00,0.00,GENERAL NO TAX
Tea bag,Tea bag,0.00,8.99,0.00,GENERAL NO TAX
Aluminum Foil,Aluminum Foil,0.00,3.38,13.00,GROCERY
axe appoloo,axe appoloo,0.00,6.77,13.00,GROCERY
Bounty plus,Bounty plus,0.00,4.51,13.00,GROCERY
BULDUK SPICY CHIKEN 105 G,BULDUK SPICY CHIKEN 105 G,2.49,3.94,13.00,GROCERY
BULDUK SPICY RAMEN 105 G,BULDUK SPICY RAMEN 105 G,2.49,4.01,13.00,GROCERY
Catch master,Catch master,0.00,6.77,13.00,GROCERY
Cling Wrap,Cling Wrap,0.00,5.64,13.00,GROCERY
Clorox,Clorox,0.00,6.77,13.00,GROCERY
Cockroach trap,Cockroach trap,0.00,2.25,13.00,GROCERY
Colgate Brush,Colgate Brush,0.00,3.38,13.00,GROCERY
Cranberry juice Original 1.89l,Cranberry juice Original 1.89l,0.00,6.77,13.00,GROCERY
Delicious kitchen coconut water,Delicious kitchen coconut water,0.00,2.25,13.00,GROCERY
Downy softner,Downy softner,0.00,11.29,13.00,GROCERY
Eska,Eska,0.00,3.01,13.00,GROCERY
Febreze air mist,Febreze air mist,0.00,7.35,13.00,GROCERY
Glue snare,Glue snare,0.00,4.51,13.00,GROCERY
Hellmans Mayo 340 ML,Hellmans Mayo 340 ML,0.00,9.03,13.00,GROCERY
Hello Panda,Hello Panda,0.00,1.13,13.00,GROCERY
HEM 3IN1,HEM 3IN1,0.00,0.00,13.00,GROCERY
HEM GULAB,HEM GULAB,0.00,0.00,13.00,GROCERY
Kikkoman Soy Sauce,Kikkoman Soy Sauce,0.00,9.03,13.00,GROCERY
Kirkland Tissue,Kirkland Tissue,0.00,10.16,13.00,GROCERY
Large Trey,Large Trey,0.00,5.09,13.00,GROCERY
Lays 200g,Lays 200g,0.00,5.64,13.00,GROCERY
MENTOS CINNAMONSTAIN SOFT BATHROOM TISSU,MENTOS CINNAMONSTAIN SOFT BATHROOM TISSUE,0.00,3.38,13.00,GROCERY
Milano Giant Lady Biscuts,Milano Giant Lady Biscuts,0.00,4.51,13.00,GROCERY
NESCAFE RICH 100GM,NESCAFE RICH 100GM,0.00,11.29,13.00,GROCERY
Nongshim Spicy Chicken Bowl GENERAL ITEM,Nongshim Spicy Chicken Bowl GENERAL ITEMS 86g,0.00,2.81,13.00,GROCERY
Oasis Red Grape,Oasis Red Grape,0.00,2.00,13.00,GROCERY
Old dutch,Old dutch,0.00,5.64,13.00,GROCERY
PC Club soda,PC Club soda,0.00,4.51,13.00,GROCERY
Plates,Plates,0.00,5.64,13.00,GROCERY
PRINGLES PIZZA,PRINGLES PIZZA,0.00,5.64,13.00,GROCERY
Pure air,Pure air,0.00,3.38,13.00,GROCERY
Pure air,Pure air,0.00,3.38,13.00,GROCERY
Pure clean dish washing solution,Pure clean dish washing solution,0.00,3.38,13.00,GROCERY
Pure klean,Pure klean,0.00,3.38,13.00,GROCERY
Rougemont Apple juice 2L,Rougemont Apple juice 2L,0.00,5.65,13.00,GROCERY
Saniblend Cleaner,Saniblend Cleaner,0.00,16.94,13.00,GROCERY
Small Trey,Small Trey,0.00,2.83,13.00,GROCERY
Snuggle air freshner,Snuggle air freshner,0.00,3.38,13.00,GROCERY
Strongmore Aluminium Foil,Strongmore Aluminium Foil,0.00,6.77,13.00,GROCERY
Tide,Tide,0.00,9.03,13.00,GROCERY
Tide,Tide,0.00,7.90,13.00,GROCERY
Tide detergent,Tide detergent,0.00,9.03,13.00,GROCERY
Tide detergent,Tide detergent,0.00,4.51,13.00,GROCERY
Tide Original 1L,Tide Original 1L,0.00,12.42,13.00,GROCERY
Tonkotsu,Tonkotsu,0.00,4.52,13.00,GROCERY
Uni blue air freshner,Uni blue air freshner,0.00,4.51,13.00,GROCERY
Venice shot glass,Venice shot glass,0.00,4.51,13.00,GROCERY
WD-40,WD-40,0.00,11.29,13.00,GROCERY
Wellson duct tape,Wellson duct tape,0.00,3.38,13.00,GROCERY
Wellson insulation tape,Wellson insulation tape,0.00,3.38,13.00,GROCERY
Wellson painters tape,Wellson painters tape,0.00,3.38,13.00,GROCERY
Wild pard shoe polish,Wild pard shoe polish,0.00,3.38,13.00,GROCERY
Wild pard shoe polish,Wild pard shoe polish,0.00,4.51,13.00,GROCERY
",R.GENERAL ITEMSS SPICY CHICKEN KIMCHI",",R.GENERAL ITEMSS SPICY CHICKEN KIMCHI",0.00,2.00,0.00,GROCERY NO TAX
Advil 10 Tablets,Advil 10 Tablets,0.00,5.99,0.00,GROCERY NO TAX
Arm and Hammer Baking soda,Arm and Hammer Baking soda,0.00,2.99,0.00,GROCERY NO TAX
Axe 48H,Axe 48H,0.00,4.99,0.00,GROCERY NO TAX
Brioche Bun,Brioche Bun,0.00,4.50,0.00,GROCERY NO TAX
Carnation evaporated Milk 354ml,Carnation evaporated Milk 354ml,0.00,2.99,0.00,GROCERY NO TAX
Chap Ice,Chap Ice,0.00,6.00,0.00,GROCERY NO TAX
Chcken Vienna Sausages 130g,Chcken Vienna Sausages 130g,0.00,2.50,0.00,GROCERY NO TAX
CHOCC,CHOCC,0.00,2.50,0.00,GROCERY NO TAX
Christie Chips Ahoy,Christie Chips Ahoy,0.00,4.50,0.00,GROCERY NO TAX
CL CHUNK LIGHT TUNA,CL CHUNK LIGHT TUNA,0.00,3.99,0.00,GROCERY NO TAX
DEMPSTERS WHITE,DEMPSTERS WHITE,2.66,3.50,0.00,GROCERY NO TAX
Dippity,Dippity,0.00,6.00,0.00,GROCERY NO TAX
egg burnbrae 12,egg burnbrae 12,0.00,4.99,0.00,GROCERY NO TAX
ensure 50%less sugar,ensure 50%less sugar,9.99,3.75,0.00,GROCERY NO TAX
Ensure drink,Ensure drink,0.00,3.75,0.00,GROCERY NO TAX
frenchs ketchup,frenchs ketchup,0.00,5.99,0.00,GROCERY NO TAX
Fujian Black tea,Fujian Black tea,0.00,2.99,0.00,GROCERY NO TAX
GROCERY NO TAX,GROCERY NO TAX,0.00,0.00,0.00,GROCERY NO TAX
IP PASTA,IP PASTA,0.00,4.99,0.00,GROCERY NO TAX
Kalas sea salt,Kalas sea salt,0.00,2.99,0.00,GROCERY NO TAX
Lancia Fusilli,Lancia Fusilli,0.00,2.50,0.00,GROCERY NO TAX
Luncheon Meat 340g,Luncheon Meat 340g,0.00,3.50,0.00,GROCERY NO TAX
Margerine,Margerine,0.00,5.00,0.00,GROCERY NO TAX
Maxwell Original,Maxwell Original,0.00,8.99,0.00,GROCERY NO TAX
Mr GENERAL ITEMS chicken,Mr GENERAL ITEMS chicken,0.00,2.00,0.00,GROCERY NO TAX
Mr GENERAL ITEMS pack beef,Mr GENERAL ITEMS pack beef,0.00,1.00,0.00,GROCERY NO TAX
Mr GENERAL ITEMS pack chicken,Mr GENERAL ITEMS pack chicken,0.00,1.00,0.00,GROCERY NO TAX
Mr GENERAL ITEMS pack spicy chicken,Mr GENERAL ITEMS pack spicy chicken,0.00,1.00,0.00,GROCERY NO TAX
Mr GENERAL ITEMS spcy chicken,Mr GENERAL ITEMS spcy chicken,0.00,2.00,0.00,GROCERY NO TAX
MR. GENERAL ITEMSS SPICY BEEF,MR. GENERAL ITEMSS SPICY BEEF,0.00,1.00,0.00,GROCERY NO TAX
Nescafe,Nescafe,0.00,9.99,0.00,GROCERY NO TAX
Nescafe Gold,Nescafe Gold,0.00,13.00,0.00,GROCERY NO TAX
Nescafe Rich,Nescafe Rich,0.00,9.50,0.00,GROCERY NO TAX
OCEAN SPRAY CANNEBERY,OCEAN SPRAY CANNEBERY,0.00,5.99,0.00,GROCERY NO TAX
Oreo Golden,Oreo Golden,0.00,4.50,0.00,GROCERY NO TAX
Oreo Puffs,Oreo Puffs,0.00,5.50,0.00,GROCERY NO TAX
OREO THE ORIGINAL 270G,OREO THE ORIGINAL 270G,0.00,4.99,0.00,GROCERY NO TAX
ORVILLE BUTTER,ORVILLE BUTTER,0.00,1.69,0.00,GROCERY NO TAX
ORVILLE EXTRA BUTTER,ORVILLE EXTRA BUTTER,0.00,1.99,0.00,GROCERY NO TAX
PALL MALL  SMOOTH  KS 20,PALL MALL  SMOOTH  KS 20,0.00,14.50,0.00,GROCERY NO TAX
PALL MALL  SMOOTH  RG 20,PALL MALL  SMOOTH  RG 20,0.00,14.50,0.00,GROCERY NO TAX
Pall Mall bold,Pall Mall bold,0.00,14.50,0.00,GROCERY NO TAX
PALL MALL BOLD KS25,PALL MALL BOLD KS25,0.00,18.00,0.00,GROCERY NO TAX
PALL MALL FULL KS 20,PALL MALL FULL KS 20,0.00,14.50,0.00,GROCERY NO TAX
PALL MALL FULL RG 20,PALL MALL FULL RG 20,0.00,14.50,0.00,GROCERY NO TAX
PALL MALL FULLM KS,PALL MALL FULLM KS,0.00,18.00,0.00,GROCERY NO TAX
PALL MALL SMOOTH KS RG,PALL MALL SMOOTH KS RG,11.78,18.00,0.00,GROCERY NO TAX
PALL MALL SPECIAL XL FULL 20,PALL MALL SPECIAL XL FULL 20,0.00,14.50,0.00,GROCERY NO TAX
PALLMALL SMOOTH KS25,PALLMALL SMOOTH KS25,11.78,18.00,0.00,GROCERY NO TAX
Pepto Bismol 100ML,Pepto Bismol 100ML,0.00,7.00,0.00,GROCERY NO TAX
Primo Elbows 454g,Primo Elbows 454g,1.99,2.50,0.00,GROCERY NO TAX
Primo Spaghettini,Primo Spaghettini,0.00,2.50,0.00,GROCERY NO TAX
primo thick and zesty,primo thick and zesty,0.00,3.50,0.00,GROCERY NO TAX
Qtips small,Qtips small,0.00,4.99,0.00,GROCERY NO TAX
Redpath sugar,Redpath sugar,0.00,5.50,0.00,GROCERY NO TAX
Redpath sugar cubes,Redpath sugar cubes,0.00,4.99,0.00,GROCERY NO TAX
Shakti Coconut oil,Shakti Coconut oil,0.00,9.99,0.00,GROCERY NO TAX
SIFTO FALT,SIFTO FALT,0.00,2.75,0.00,GROCERY NO TAX
Soy Sauce,Soy Sauce,0.00,2.50,0.00,GROCERY NO TAX
Tetley Green Tea,Tetley Green Tea,0.00,4.99,0.00,GROCERY NO TAX
Tetley Orange Pekoe,Tetley Orange Pekoe,0.00,5.99,0.00,GROCERY NO TAX
Tim Hortons,Tim Hortons,0.00,15.99,0.00,GROCERY NO TAX
TWINKIES,TWINKIES,0.00,2.50,0.00,GROCERY NO TAX
Tylenol extra carry on,Tylenol extra carry on,2.69,6.00,0.00,GROCERY NO TAX
UNICO VEGITABLE OIL 3LT.,UNICO VEGITABLE OIL 3LT.,0.00,11.99,0.00,GROCERY NO TAX
Visine original,Visine original,0.00,9.00,0.00,GROCERY NO TAX
Wild Pink Salmon,Wild Pink Salmon,0.00,5.99,0.00,GROCERY NO TAX
Windsor Table Salt,Windsor Table Salt,0.00,2.99,0.00,GROCERY NO TAX
DOOR GUARD LOCK,DOOR GUARD LOCK,0.00,3.94,13.00,HARDWARE
10 SUPER FORT,10 SUPER FORT,0.00,3.38,13.00,HEALTH & BEAUTY
ALL ONE SIZE,BANDAGE,0.00,4.51,13.00,HEALTH & BEAUTY
Axe Apollo,Axe Apollo,0.00,6.77,13.00,HEALTH & BEAUTY
Axe Epic fresh,Axe Epic fresh,0.00,6.77,13.00,HEALTH & BEAUTY
Axe Phonix,Axe Phonix,0.00,6.77,13.00,HEALTH & BEAUTY
Band-aid,Band-aid,1.67,3.38,13.00,HEALTH & BEAUTY
BIC 5T,BIC 5T,0.00,6.77,13.00,HEALTH & BEAUTY
BIC BIG LIGHTER,BIC BIG LIGHTER,0.00,2.83,13.00,HEALTH & BEAUTY
bic small,bic small,0.00,2.25,13.00,HEALTH & BEAUTY
BLISTEX REGULAR,BLISTEX REGULAR,0.00,3.94,13.00,HEALTH & BEAUTY
BOUNCE 15,BOUNCE 15,1.79,4.51,13.00,HEALTH & BEAUTY
brownies mega,brownies mega,0.00,2.81,13.00,HEALTH & BEAUTY
BUTANE G,BUTANE G,0.00,6.77,13.00,HEALTH & BEAUTY
Chapstick,Chapstick,1.75,4.51,13.00,HEALTH & BEAUTY
CLASSIC DOUBLE EDGE BLADES,CLASSIC DOUBLE EDGE BLADES,0.00,4.51,13.00,HEALTH & BEAUTY
colgate  95 ml,colgate  95 ml,0.00,3.38,13.00,HEALTH & BEAUTY
COMPOSTABL3E BIRCH FORKS 24,COMPOSTABL3E BIRCH FORKS 24,1.79,4.51,13.00,HEALTH & BEAUTY
Conrstarch Baby Powder,Conrstarch Baby Powder,0.00,9.03,13.00,HEALTH & BEAUTY
Cotton Swabs,Cotton Swabs,0.00,2.83,13.00,HEALTH & BEAUTY
Dove Hair Spray Extra Hold,Dove Hair Spray Extra Hold,0.00,11.29,13.00,HEALTH & BEAUTY
Dove Men care shampoo,Dove Men care shampoo,0.00,10.16,13.00,HEALTH & BEAUTY
Dove Shampoo,Dove Shampoo,0.00,10.16,13.00,HEALTH & BEAUTY
DURACELL 2 PACK,DURACELL 2 PACK,0.00,4.51,13.00,HEALTH & BEAUTY
Duracell AA4,Duracell AA4,0.00,9.03,13.00,HEALTH & BEAUTY
Duracell AAA2,Duracell AAA2,0.00,4.51,13.00,HEALTH & BEAUTY
Duracell AAA4,Duracell AAA4,0.00,9.03,13.00,HEALTH & BEAUTY
Durag,Durag,0.00,4.51,13.00,HEALTH & BEAUTY
Du-Rag,Du-Rag,0.00,4.51,13.00,HEALTH & BEAUTY
Equate Nail Polish Remover,Equate Nail Polish Remover,0.00,6.50,13.00,HEALTH & BEAUTY
FEBEZE MEDITERRANEAN LAVENDER,FEBEZE MEDITERRANEAN LAVENDER,3.99,7.90,13.00,HEALTH & BEAUTY
Gain laundry liquid,Gain laundry liquid,0.00,11.29,13.00,HEALTH & BEAUTY
GAIN ORIGINAL DRYER SHEET,GAIN ORIGINAL DRYER SHEET,2.79,5.64,13.00,HEALTH & BEAUTY
GARBAGE BAGS,GARBAGE BAGS,0.00,2.81,13.00,HEALTH & BEAUTY
Garnier Fructis Shampoo,Garnier Fructis Shampoo,0.00,7.90,13.00,HEALTH & BEAUTY
Gillette Series,Gillette Series,0.00,9.03,13.00,HEALTH & BEAUTY
Gillette shaving foam 49gm,Gillette shaving foam 49gm,0.00,2.25,13.00,HEALTH & BEAUTY
Glass rose,Glass rose,0.00,4.51,13.00,HEALTH & BEAUTY
Global Beauty Care Wipes,Global Beauty Care Wipes,0.00,7.90,13.00,HEALTH & BEAUTY
Gravol easy to swallow,Gravol easy to swallow,3.39,7.90,13.00,HEALTH & BEAUTY
Habibi Pre rolled tip,Habibi Pre rolled tip,0.00,4.51,13.00,HEALTH & BEAUTY
HOT RIDER,HOT RIDER,0.00,3.38,13.00,HEALTH & BEAUTY
JUMBO COTTON BALLS,JUMBO COTTON BALLS,0.00,2.25,13.00,HEALTH & BEAUTY
Lesalon Cosmetic pads,Lesalon Cosmetic pads,0.00,2.54,13.00,HEALTH & BEAUTY
Lesalon nail clipper,Lesalon nail clipper,1.99,3.38,13.00,HEALTH & BEAUTY
LETS PARTY 24,LETS PARTY 24,1.09,2.81,13.00,HEALTH & BEAUTY
Lip Medex,Lip Medex,0.00,4.51,13.00,HEALTH & BEAUTY
Lovu cotton swabs,Lovu cotton swabs,0.00,4.51,13.00,HEALTH & BEAUTY
Lsta mint chill,Lsta mint chill,0.00,2.50,13.00,HEALTH & BEAUTY
Magnum,Magnum,1.99,4.51,13.00,HEALTH & BEAUTY
Meta pipe 50,Meta pipe 50,0.00,5.64,13.00,HEALTH & BEAUTY
NIBO BUTANE 162G,NIBO BUTANE 162G,0.00,5.64,13.00,HEALTH & BEAUTY
Nivea Men Boost Shower Gel,Nivea Men Boost Shower Gel,0.00,10.16,13.00,HEALTH & BEAUTY
Nivea men shower,Nivea men shower,0.00,10.16,13.00,HEALTH & BEAUTY
Nivea men Shower Gel,Nivea men Shower Gel,0.00,10.16,13.00,HEALTH & BEAUTY
Nivea Men Shower Gel,Nivea Men Shower Gel,0.00,10.16,13.00,HEALTH & BEAUTY
Noorani Hanna,Noorani Hanna,0.00,6.77,13.00,HEALTH & BEAUTY
Noorani Hanna,Noorani Hanna,0.00,6.77,13.00,HEALTH & BEAUTY
PAMOLIVE 828UNI,PAMOLIVE 828UNI,0.00,4.51,13.00,HEALTH & BEAUTY
Panasonic AA4,Panasonic AA4,0.99,3.38,13.00,HEALTH & BEAUTY
Panasonic AAA4,Panasonic AAA4,1.29,3.38,13.00,HEALTH & BEAUTY
Pantene,Pantene,0.00,9.03,13.00,HEALTH & BEAUTY
Pur-est Cotton swab,Pur-est Cotton swab,0.00,2.83,13.00,HEALTH & BEAUTY
Pur-est liquid soap,Pur-est liquid soap,0.00,4.51,13.00,HEALTH & BEAUTY
Pur-est liquid soap,Pur-est liquid soap,0.00,4.51,13.00,HEALTH & BEAUTY
Q-tips cotton swabs,Q-tips cotton swabs,0.00,5.64,13.00,HEALTH & BEAUTY
"RAID ANT,ROACH & EARWIG","RAID ANT,ROACH & EARWIG",8.99,14.68,13.00,HEALTH & BEAUTY
RAW CLASSIC CONES,RAW CLASSIC CONES,0.00,4.51,13.00,HEALTH & BEAUTY
reactine EXTRA STRENGTH,reactine EXTRA STRENGTH,4.29,7.90,13.00,HEALTH & BEAUTY
RONSON,RONSON,0.00,5.64,13.00,HEALTH & BEAUTY
royal,royal,0.00,4.85,13.00,HEALTH & BEAUTY
ROYAL OAK CHARCOAL LIGHTER 946UNI,ROYAL OAK CHARCOAL LIGHTER 946UNI,0.00,6.77,13.00,HEALTH & BEAUTY
ROYAL SCRUB,ROYAL SCRUB,1.39,3.04,13.00,HEALTH & BEAUTY
SBK Knee support,SBK Knee support,0.00,4.51,13.00,HEALTH & BEAUTY
SCOTTIES,SCOTTIES,0.00,2.54,13.00,HEALTH & BEAUTY
SKITTLES GUMMIES ORIGINAL 57G,SKITTLES GUMMIES ORIGINAL 57G,0.00,2.25,13.00,HEALTH & BEAUTY
Softsoap Body Wash,Softsoap Body Wash,0.00,7.90,13.00,HEALTH & BEAUTY
SOS 10 PADS,SOS 10 PADS,1.76,3.38,13.00,HEALTH & BEAUTY
Spa Soap,Spa Soap,0.00,4.51,13.00,HEALTH & BEAUTY
speed stick,speed stick,2.69,6.77,13.00,HEALTH & BEAUTY
SPEED STICK COOL CLEAN,SPEED STICK COOL CLEAN,2.69,6.77,13.00,HEALTH & BEAUTY
TABLE ACCENT PLASTIC TEASPOON,TABLE ACCENT PLASTIC TEASPOON,2.99,3.38,13.00,HEALTH & BEAUTY
TABLE ACCENTS 15 PAPER PLATES,TABLE ACCENTS 15 PAPER PLATES,2.49,3.96,13.00,HEALTH & BEAUTY
TABLE ACCENTS FORKS,TABLE ACCENTS FORKS,0.99,2.59,13.00,HEALTH & BEAUTY
TANG ORANGE,TANG ORANGE,0.00,4.51,13.00,HEALTH & BEAUTY
tide og 1 litre,tide og 1 litre,0.00,12.42,13.00,HEALTH & BEAUTY
TMPR Hydrogen Peroxide,TMPR Hydrogen Peroxide,0.00,4.51,13.00,HEALTH & BEAUTY
Trojan classic,Trojan classic,0.00,4.51,13.00,HEALTH & BEAUTY
Trojan naked,Trojan naked,2.39,4.51,13.00,HEALTH & BEAUTY
TUFF GUYY 40 STRONG GARBAGE BAGS,TUFF GUYY 40 STRONG GARBAGE BAGS,4.49,9.03,13.00,HEALTH & BEAUTY
TWEEZERS,TRIM,0.00,3.49,13.00,HEALTH & BEAUTY
Tylenol Extra strength ez tabs,Tylenol Extra strength ez tabs,4.69,9.03,13.00,HEALTH & BEAUTY
VASELINE BLUESEAL,VASELINE BLUESEAL,1.29,3.38,13.00,HEALTH & BEAUTY
VASELINE UV 100 ML,VASELINE UV 100 ML,0.00,4.51,13.00,HEALTH & BEAUTY
WINDEX ORIGINAL,WINDEX ORIGINAL,0.00,7.90,13.00,HEALTH & BEAUTY
Xtricity light bulb clear 60 watts,Xtricity light bulb clear 60 watts,0.00,3.38,13.00,HEALTH & BEAUTY
ZIPPO FLUID 355ML,ZIPPO FLUID 355ML,0.00,13.55,13.00,HEALTH & BEAUTY
BLUE BEER CUP,BLUE BEER CUP,2.85,3.22,13.00,HOUSE HOLD ITEM
Kirkland towel,Kirkland towel,0.00,4.51,13.00,HOUSE HOLD ITEM
ICEMAN ICE,ICEMAN ICE,0.00,4.51,13.00,ICE
"CANDY,GUMS & CHOCOLATES raspberry truffl","CANDY,GUMS & CHOCOLATES raspberry truffle",0.00,10.16,13.00,Ice cream
chuny monkey,chuny monkey,0.00,10.16,13.00,Ice cream
Haagen Dazs,Haagen Dazs,0.00,10.16,13.00,Ice cream
Haagen Dazs,Haagen Dazs,0.00,10.16,13.00,Ice cream
Melona Icecream,Melona Icecream,0.00,2.81,13.00,Ice cream
Melona strawberry,Melona strawberry,0.00,2.81,13.00,Ice cream
Parlour Juice Pop,Parlour Juice Pop,0.00,1.75,13.00,Ice cream
parlour Pop Mango,parlour Pop Mango,0.00,1.75,13.00,Ice cream
"Ben & Jerry- CANDY,GUMS & CHOCOLATES chi",473 ML,0.00,11.29,13.00,ICE CREAMS
BEN & JERRY HALF BAKED,BEN & JERRY HALF BAKED,0.00,10.16,13.00,ICE CREAMS
BEN & JERRY SALTED CARAMEL ALMOND,BEN & JERRY SALTED CARAMEL ALMOND,0.00,9.03,13.00,ICE CREAMS
"BN CANDY,GUMS & CHOCOLATES FUDGE BROWNIE","BN CANDY,GUMS & CHOCOLATES FUDGE BROWNIE 454UNI",0.00,10.16,13.00,ICE CREAMS
DRUMSTICK VANILLA CARAMEL,DRUMSTICK VANILLA CARAMEL,0.00,4.28,13.00,ICE CREAMS
DRUMSTICK VANILLA FUDGE,DRUMSTICK VANILLA FUDGE,0.00,4.28,13.00,ICE CREAMS
HAAGEN DAZZ VANILLA ALMOND,HAAGEN DAZZ VANILLA ALMOND,2.62,5.41,13.00,ICE CREAMS
HAAGEN DAZZ VANILLA MILK,HAAGEN DAZZ VANILLA MILK,0.00,5.41,13.00,ICE CREAMS
Haiegendas Choc,Haiegendas Choc,0.00,10.16,13.00,ICE CREAMS
kit kat double crunch,kit kat double crunch,0.00,3.94,13.00,ICE CREAMS
Mega Sandwich,Mega Sandwich,0.00,2.25,13.00,ICE CREAMS
mr.freeze,mr.freeze,0.00,1.01,13.00,ICE CREAMS
Nestle  oreoASSORTED SANDWICH single,Nestle  oreoASSORTED SANDWICH single,0.00,3.94,13.00,ICE CREAMS
"Nestle drumstick CANDY,GUMS & CHOCOLATES","Nestle drumstick CANDY,GUMS & CHOCOLATES fudge",2.06,4.51,13.00,ICE CREAMS
Nestle drumstick salty caramel,Nestle drumstick salty caramel,0.00,4.51,13.00,ICE CREAMS
Nestle drumstick strawberry,Nestle drumstick strawberry,0.00,4.51,13.00,ICE CREAMS
NESTLE VANILLA CAKE,NESTLE VANILLA CAKE,0.00,2.25,13.00,ICE CREAMS
POPSICLE LIFE SAVER,POPSICLE LIFE SAVER,0.00,3.15,13.00,ICE CREAMS
FULL KING SIZE 25,CAMEL,0.00,16.75,13.00,JTI VAPE & CIGARATE
Allens Apple Juice,Allens Apple Juice,0.00,1.01,13.00,JUICE
03306000,03306000,0.00,2.83,13.00,LIGHTER
Smoke it lighter,Smoke it lighter,0.00,5.64,13.00,LIGHTER
Special Blue,Special Blue,0.00,9.03,13.00,LIGHTER
VB Lighter,VB Lighter,0.00,4.51,13.00,LIGHTER
Xlite lighter,Xlite lighter,0.00,2.25,13.00,LIGHTER
$12 LOTTO MAX,OLG,0.00,12.00,0.00,LOTTERY
$15/ 649,olg,0.00,15.00,0.00,LOTTERY
$20 LOTTO MAX.2 DRA,OLG,0.00,20.00,0.00,LOTTERY
$5 ONTARIO,ONTARIO 49,0.00,5.00,0.00,LOTTERY
$50 K,$50 K,0.00,50.00,0.00,LOTTERY
11 $LOTTO MAX,LOTTO MAX,0.00,11.00,0.00,LOTTERY
2 DRAW 649,OLG,0.00,14.00,0.00,LOTTERY
30 crossword,30 crossword,0.00,30.00,0.00,LOTTERY
649 $7.00,LOTTO 649,0.00,7.00,0.00,LOTTERY
649/LIGHTING LOTTO,OLG,0.00,8.00,0.00,LOTTERY
649/OKER,OLG,0.00,3.00,0.00,LOTTERY
649/POK/.MEGA.LIG/.GRAND,OLG,0.00,4.00,0.00,LOTTERY
big money pay day 30,big money pay day 30,0.00,30.00,0.00,LOTTERY
big spin 5,big spin 5,0.00,5.00,0.00,LOTTERY
bigger spin,bigger spin,0.00,10.00,0.00,LOTTERY
Bingo $3,Bingo $3,0.00,3.00,0.00,LOTTERY
bingo 10$,bingo 10$,0.00,10.00,0.00,LOTTERY
bingo doubler 5,bingo doubler 5,0.00,5.00,0.00,LOTTERY
cash for life,cash for life,0.00,4.00,0.00,LOTTERY
cash in 10,cash in 10,0.00,10.00,0.00,LOTTERY
cross word 10$,cross word 10$,0.00,10.00,0.00,LOTTERY
Crossword $3,Crossword $3,0.00,3.00,0.00,LOTTERY
crossword trilpler 5,crossword trilpler 5,0.00,5.00,0.00,LOTTERY
Instant 30X,Instant 30X,0.00,30.00,0.00,LOTTERY
"LOT, MAX 10 DRAW.$50",OLG,0.00,50.00,0.00,LOTTERY
LOTO MAX $30,OLG,0.00,30.00,0.00,LOTTERY
LOTO MAX 2 DRAW.$22,OLG,0.00,22.00,0.00,LOTTERY
LOTTO 649 $13,OLG,0.00,13.00,0.00,LOTTERY
LOTTO 649 $19,OLG,0.00,19.00,0.00,LOTTERY
LOTTO 649 $31,OLG,0.00,31.00,0.00,LOTTERY
LOTTO MAX $18.00,OLG,0.00,18.00,0.00,LOTTERY
LOTTO MAX $25,OLG,0.00,25.00,0.00,LOTTERY
LOTTO MAX$10,OLG,0.00,10.00,0.00,LOTTERY
MONEY MACHINE $5,MONEY MACHINE $5,0.00,5.00,0.00,LOTTERY
money multiplier,money multiplier,0.00,2.00,0.00,LOTTERY
plinko 5,plinko 5,0.00,5.00,0.00,LOTTERY
POK.MEGA.WHEE.LIGH.LOTARIO,OLG,0.00,2.00,0.00,LOTTERY
POKER /LOTARIO/TOP/649,OLG,0.00,1.00,0.00,LOTTERY
POKER LIGHT/LOTTO MAX,OLG,0.00,6.00,0.00,LOTTERY
POKER LOTTO,OLG,0.00,9.00,0.00,LOTTERY
power up,power up,0.00,5.00,0.00,LOTTERY
Roulette $3,Roulette $3,0.00,3.00,0.00,LOTTERY
Super $20,Super $20,0.00,20.00,0.00,LOTTERY
bounce 34,bounce 34,0.00,5.64,13.00,OTHER
hip flask,hip flask,0.00,11.29,13.00,OTHER
hip flask,hip flask,0.00,11.29,13.00,OTHER
KEY CUT,KEY CUT,0.00,4.52,13.00,OTHER
CABLE,CABLE,0.00,6.77,13.00,PARTY STUFF
Friskie turkey and Giblets Dinner 156g,Friskie turkey and Giblets Dinner 156g,0.00,2.47,13.00,PET FOOD
Friskie turkey Dinner 156g,Friskie turkey Dinner 156g,0.00,2.00,13.00,PET FOOD
FRISKIES CHEF'S DINNER,FRISKIES CHEF'S DINNER,0.00,1.68,13.00,PET FOOD
FRISKIES CHICKEN & SALMON DINNER,FRISKIES CHICKEN & SALMON DINNER,0.00,2.00,13.00,PET FOOD
FRISKIES CHICKEN DINNER,FRISKIES CHICKEN DINNER,0.00,1.68,13.00,PET FOOD
FRISKIES CHICKEN DINNER IN GRAVEY,FRISKIES CHICKEN DINNER IN GRAVEY,0.00,1.68,13.00,PET FOOD
FRISKIES OCEAN WHITEFISH TUNA,FRISKIES OCEAN WHITEFISH TUNA,0.00,1.68,13.00,PET FOOD
FRISKIES SALMON DINNER,FRISKIES SALMON DINNER,0.00,2.00,13.00,PET FOOD
FRISKIES SEAFOOD SUPREME,FRISKIES SEAFOOD SUPREME,0.00,2.00,13.00,PET FOOD
FRISKIES TURKEY & CHEESE DINNER,FRISKIES TURKEY & CHEESE DINNER,0.00,2.00,13.00,PET FOOD
Whiskas Seafood 670g,Whiskas Seafood 670g,0.00,9.03,13.00,PET FOOD
GOOD CALL 2.5,GOOD CALL 2.5,0.00,2.83,13.00,phone card
Arizona hard lemon Flavour,Arizona hard lemon Flavour,0.00,3.93,13.00,R.T.D.
Black Fly Crushed Orange 473ML,Black Fly Crushed Orange 473ML,3.49,4.04,13.00,R.T.D.
Black Fly Sour Grape 473ML,Black Fly Sour Grape 473ML,0.00,4.04,13.00,R.T.D.
BLACK FLY TEQUILA SUNRISE 473ML,BLACK FLY TEQUILA SUNRISE 473ML,2.54,4.04,13.00,R.T.D.
Black fly vodka grapefruit 4*400,Black fly vodka grapefruit 4*400,11.99,13.95,13.00,R.T.D.
Clamato Original,Clamato Original,0.00,4.61,13.00,R.T.D.
Clamato Spicy,Clamato Spicy,0.00,4.61,13.00,R.T.D.
COORS SELTZER SLUSHIE GRAPE 473ML,COORS SELTZER SLUSHIE GRAPE 473ML,0.00,4.16,13.00,R.T.D.
Crown royal whisky cola,Crown royal whisky cola,0.00,4.04,13.00,R.T.D.
Jameson Whiskey Lemonade,Jameson Whiskey Lemonade,0.00,4.50,13.00,R.T.D.
Mikes Hard Blue Freeze,Mikes Hard Blue Freeze,0.00,4.04,13.00,R.T.D.
Mikes Harder Straw Lemonade,Mikes Harder Straw Lemonade,0.00,4.04,13.00,R.T.D.
Nutrl Blackberry,Nutrl Blackberry,0.00,4.38,13.00,R.T.D.
Nutrl Grape,Nutrl Grape,0.00,4.04,13.00,R.T.D.
nutrl lemon 473 ml,nutrl lemon 473 ml,2.89,4.04,13.00,R.T.D.
Sun Cruiser,Sun Cruiser,0.00,4.04,13.00,R.T.D.
Twisted tea extreme Blue Razz,Twisted tea extreme Blue Razz,2.50,4.00,13.00,R.T.D.
Twisted Tea Extreme Lemon,Twisted Tea Extreme Lemon,0.00,4.00,13.00,R.T.D.
Twisted Tea Part Pack,Twisted Tea Part Pack,0.00,33.89,13.00,R.T.D.
White Claw Blackberry 473ML,White Claw Blackberry 473ML,3.15,4.04,13.00,R.T.D.
White Claw Hard Seltzer Black Cherry 473,White Claw Hard Seltzer Black Cherry 473ML,3.00,4.04,13.00,R.T.D.
White claw lime 473ml,White claw lime 473ml,3.00,4.04,13.00,R.T.D.
White Claw surge,White Claw surge,0.00,4.38,13.00,R.T.D.
BRASS LOCK 25MM,BRASS LOCK 25MM,0.00,3.50,13.00,SEASONAL
HARIBO GOLD BEARS 150G,HARIBO GOLD BEARS 150G,0.00,3.94,13.00,SNACK
Lady Sarah Hazel Nut,Lady Sarah Hazel Nut,0.00,3.72,13.00,SNACK
LADY SARAH Strawberry,LADY SARAH Strawberry,0.00,3.72,13.00,SNACK
Lays Small Ketchup,Lays Small Ketchup,0.00,1.13,13.00,SNACK
Little Hearts,Little Hearts,0.00,2.25,13.00,SNACK
Real Kimchi Noodle,Real Kimchi Noodle,0.00,4.51,13.00,SNACK
Dare Mallow,Dare Mallow,0.00,3.96,13.00,SNACKS
BICYCLE PLAYING CARDS,BICYCLE PLAYING CARDS,2.99,4.51,13.00,STATIONARY
Backwoods port 5 Pack,Backwoods port 5 Pack,0.00,15.00,13.00,TOBACCO
BACKWOODS RUM.,BACKWOODS RUM.,0.00,15.50,13.00,TOBACCO
Belmont  20 ks,Belmont  20 ks,0.00,18.50,13.00,TOBACCO
Belmont  20 RG,Belmont  20 RG,0.00,18.50,13.00,TOBACCO
Belmont  KS 25,Belmont  KS 25,0.00,23.00,13.00,TOBACCO
Belmont KS 25 Carton,Belmont KS 25 Carton,0.00,173.00,13.00,TOBACCO
Belmont RG25,Belmont RG25,0.00,23.00,13.00,TOBACCO
belmont select 20k,belmont select 20k,0.00,18.50,13.00,TOBACCO
Belmont Select 25 K Carton,Belmont Select 25 K Carton,0.00,173.00,13.00,TOBACCO
Belmont select KS,Belmont select KS,0.00,23.00,13.00,TOBACCO
Belmont select RG 25,Belmont select RG 25,0.00,23.00,13.00,TOBACCO
Belmont select small rg 20,Belmont select small rg 20,0.00,18.50,13.00,TOBACCO
Benson and Hedges Carton,Benson and Hedges Carton,0.00,180.01,13.00,TOBACCO
Benson and Hedges delux 20k,Benson and Hedges delux 20k,0.00,18.50,13.00,TOBACCO
Benson and Hedges Deluxe KS 20 carton,Benson and Hedges Deluxe KS 20 carton,0.00,141.00,13.00,TOBACCO
Benson and Hedges prime 25,Benson and Hedges prime 25,0.00,23.00,13.00,TOBACCO
Blackwood Whissky Tobacco,Blackwood Whissky Tobacco,0.00,16.95,13.00,TOBACCO
CAMEL ORIGINAL KS 20,CAMEL ORIGINAL KS 20,0.00,13.75,13.00,TOBACCO
Camel select 20,Camel select 20,0.00,13.75,13.00,TOBACCO
CAMEL SMOOTH LK,CAMEL SMOOTH LK,0.00,16.75,13.00,TOBACCO
CIGARS,CIGARS,0.00,0.00,13.00,TOBACCO
DRUM ORIGINAL VAPE & CIGARATTE TOBACCO 5,DRUM ORIGINAL VAPE & CIGARATTE TOBACCO 50G,0.00,44.07,13.00,TOBACCO
Drum Premier 50g,Drum Premier 50g,0.00,44.07,13.00,TOBACCO
Du Maurier Distinct 20 Ks,Du Maurier Distinct 20 Ks,0.00,18.50,13.00,TOBACCO
Du Maurier Distinct 20 Rg,Du Maurier Distinct 20 Rg,0.00,18.00,13.00,TOBACCO
Du Maurier Distinct 25 Ks,Du Maurier Distinct 25 Ks,0.00,23.00,13.00,TOBACCO
Du Maurier signature 20 ks,Du Maurier signature 20 ks,0.00,18.50,13.00,TOBACCO
Du Maurier signature 20 Rg,Du Maurier signature 20 Rg,0.00,18.50,13.00,TOBACCO
Du Maurier Signature 25 k,Du Maurier Signature 25 k,0.00,23.00,13.00,TOBACCO
Du Maurier Signature 25 Rg,Du Maurier Signature 25 Rg,0.00,23.00,13.00,TOBACCO
Du Maurier Smooth 20 Ks,Du Maurier Smooth 20 Ks,0.00,18.00,13.00,TOBACCO
Du Maurier Smooth 20 Rg,Du Maurier Smooth 20 Rg,0.00,18.00,13.00,TOBACCO
Du Maurier Smooth 25 Ks,Du Maurier Smooth 25 Ks,0.00,23.00,13.00,TOBACCO
Du Maurier Special 20 ks,Du Maurier Special 20 ks,0.00,21.75,13.00,TOBACCO
EXPORT A FINE,EXPORT A FINE,0.00,21.50,13.00,TOBACCO
EXPORT A FINE RG 25,EXPORT A FINE RG 25,0.00,21.50,13.00,TOBACCO
Export A Full,Export A Full,0.00,4.99,13.00,TOBACCO
High Tea Blunt Wraps Blueberry,High Tea Blunt Wraps Blueberry,0.00,3.50,13.00,TOBACCO
High Tea Blunt Wraps Mango,High Tea Blunt Wraps Mango,0.00,3.50,13.00,TOBACCO
IQOS IIUMA ONE PEBBLE BEIGE,IQOS IIUMA ONE PEBBLE BEIGE,0.00,57.62,13.00,TOBACCO
KING SIZE RAW PAPER,KING SIZE RAW PAPER,0.00,3.50,13.00,TOBACCO
LD BOLD KS 25,LD BOLD KS 25,0.00,16.75,13.00,TOBACCO
LD MEDIUM KS 20,LD MEDIUM KS 20,0.00,13.75,13.00,TOBACCO
LD SMOOTH KS 25,LD SMOOTH KS 25,0.00,16.75,13.00,TOBACCO
LD STANDARD BOLD,LD STANDARD BOLD,0.00,16.75,13.00,TOBACCO
LD Standard Bold KS 20,LD Standard Bold KS 20,0.00,13.75,13.00,TOBACCO
MACDONALD ORIGINAL 20 KS,MACDONALD ORIGINAL 20 KS,0.00,15.00,13.00,TOBACCO
MACDONALD ORIGINAL 25 KS,MACDONALD ORIGINAL 25 KS,0.00,18.00,13.00,TOBACCO
MARLBORO 20,MARLBORO 20,0.00,15.50,13.00,TOBACCO
MARLBORO 25 KS,MARLBORO 25 KS,0.00,18.75,13.00,TOBACCO
MARLBORO SMOOTH,MARLBORO SMOOTH,0.00,15.50,13.00,TOBACCO
Match 20,Match 20,0.00,11.01,13.00,TOBACCO
Match 20 K Carton,Match 20 K Carton,0.00,108.01,13.00,TOBACCO
Match 25 K Carton,Match 25 K Carton,0.00,108.01,13.00,TOBACCO
match chic  king size,match chic  king size,9.11,13.75,13.00,TOBACCO
Match Chic 20,Match Chic 20,0.00,11.01,13.00,TOBACCO
Match Chic 20 K,Match Chic 20 K,0.00,108.01,13.00,TOBACCO
Match Chic 25 K Caton,Match Chic 25 K Caton,0.00,108.01,13.00,TOBACCO
match king size,match king size,0.00,13.75,13.00,TOBACCO
Matinee mellow KS 25,Matinee mellow KS 25,0.00,26.00,13.00,TOBACCO
Matinee Subtle KS 20,Matinee Subtle KS 20,0.00,21.00,13.00,TOBACCO
Matinee subtle KS 25,Matinee subtle KS 25,0.00,23.73,13.00,TOBACCO
Next Extra KS 20 Carton,Next Extra KS 20 Carton,0.00,135.00,13.00,TOBACCO
Next Extra KS 25 carton,Next Extra KS 25 carton,0.00,140.00,13.00,TOBACCO
Next ORIGINAL KS 20,Next ORIGINAL KS 20,0.00,14.50,13.00,TOBACCO
Next Original KS 20 carton,Next Original KS 20 carton,0.00,134.99,13.00,TOBACCO
Next original KS 25,Next original KS 25,0.00,18.00,13.00,TOBACCO
Next Original KS 25 carton,Next Original KS 25 carton,0.00,140.00,13.00,TOBACCO
Next original RG 25,Next original RG 25,0.00,18.00,13.00,TOBACCO
Next SMOOTH KS 25,Next SMOOTH KS 25,0.00,18.00,13.00,TOBACCO
Next XTRA KS 20,Next XTRA KS 20,0.00,14.50,13.00,TOBACCO
Next Xtra KS 25,Next Xtra KS 25,0.00,18.00,13.00,TOBACCO
Next Xtra Tobacco,Next Xtra Tobacco,0.00,35.03,13.00,TOBACCO
OCB KS,OCB KS,0.00,2.83,13.00,TOBACCO
Pall Mall Bold cart.,Pall Mall Bold cart.,0.00,135.04,13.00,TOBACCO
PALL MALLSP XL FULL KS,PALL MALLSP XL FULL KS,0.00,17.00,13.00,TOBACCO
Philip Morris original 20 ks,Philip Morris original 20 ks,0.00,14.50,13.00,TOBACCO
Philip Morris special 20 ks,Philip Morris special 20 ks,0.00,14.50,13.00,TOBACCO
Phillies Blunt Chocolate 5 Cigar/Pack,Phillies Blunt Chocolate 5 Cigar/Pack,0.00,13.25,13.00,TOBACCO
Phillies strawberry 5pk,Phillies strawberry 5pk,0.00,13.25,13.00,TOBACCO
PLAYER  25 RG,PLAYER  25 RG,0.00,25.88,13.00,TOBACCO
PLAYER SMOOTH 25 KS,PLAYER SMOOTH 25 KS,0.00,25.88,13.00,TOBACCO
PLAYERS SMOOTH  20 KS,PLAYERS SMOOTH  20 KS,0.00,20.68,13.00,TOBACCO
RAW ROLLING PAPERS 1.1/4 SIZE,RAW ROLLING PAPERS 1.1/4 SIZE,0.00,2.50,13.00,TOBACCO
RAW TIPS ROLL,RAW TIPS ROLL,0.00,2.25,13.00,TOBACCO
RW KS PH,RW KS PH,0.00,3.38,13.00,TOBACCO
sail classic,sail classic,0.00,15.50,13.00,TOBACCO
Sail Deluxe Pipe Tobacco 50 g,Sail Deluxe Pipe Tobacco 50 g,0.00,40.00,13.00,TOBACCO
TEREA BIRCHA FOR IIUMA 54,TEREA BIRCHA FOR IIUMA 54,0.00,35.58,13.00,TOBACCO
TEREA OAK  FOR IIUMA 54,TEREA OAK  FOR IIUMA 54,0.00,35.58,13.00,TOBACCO
TOBACCO CAMEL ORIGINAL 25,TOBACCO CAMEL ORIGINAL 25,0.00,18.53,13.00,TOBACCO
Vogue,Vogue,0.00,21.00,13.00,TOBACCO
ZIG ZAG BLUE,ZIG ZAG BLUE,0.00,3.01,13.00,TOBACCO
ZIG ZAG SILVER,ZIG ZAG SILVER,0.00,3.50,13.00,TOBACCO
ZIG ZAG WHITE,ZIG ZAG WHITE,0.00,3.50,13.00,TOBACCO
Captain Black,Captain Black,0.00,2.51,13.00,TOBACCO Accessories
Captain Black,Captain Black,0.00,2.51,13.00,TOBACCO Accessories
TOBACCO ACCESSORIES,TOBACCO ACCESSORIES,0.00,0.00,13.00,TOBACCO Accessories
CENTURY SAM,CENTURY SAM,0.00,10.50,13.00,VAPE & CIGAR
eagle torchh,eagle torchh,0.00,9.03,13.00,VAPE & CIGAR
Export A Green Rolling Paper,Export A Green Rolling Paper,0.00,3.25,13.00,VAPE & CIGAR
nic outt,nic outt,0.00,3.38,13.00,VAPE & CIGAR
"OCB premium Black1 1/4""","OCB premium Black1 1/4""",0.00,2.00,13.00,VAPE & CIGAR
"Raw 1 1/4"" Black","Raw 1 1/4"" Black",0.00,2.99,13.00,VAPE & CIGAR
RAW CLASSIC,RAW CLASSIC,0.00,2.99,13.00,VAPE & CIGAR
raw classic 3 pack,raw classic 3 pack,3.99,4.51,13.00,VAPE & CIGAR
RAW KS,RAW KS,0.00,3.62,13.00,VAPE & CIGAR
RAW TIPS,RAW TIPS,0.00,2.00,13.00,VAPE & CIGAR
SLIM OCB,OCB,0.00,3.38,13.00,VAPE & CIGAR
X-LITE,X-LITE,0.00,3.01,13.00,VAPE & CIGAR
Zigzag Green,Zigzag Green,0.00,3.01,13.00,VAPE & CIGAR
Zippo Flints,Zippo Flints,0.00,3.01,13.00,VAPE & CIGAR
FIJI 500ml water,FIJI 500ml water,0.00,2.50,0.00,WATER
Great Value 500ml Water,Great Value 500ml Water,0.00,1.00,0.00,WATER
NAYA 1.5L,NAYA 1.5L,0.56,3.00,0.00,WATER
Naya 500 ml,Naya 500 ml,0.00,1.50,0.00,WATER
NESTLE 1L,NESTLE 1L,0.00,3.00,0.00,WATER
SMART WATER  591ML Water,SMART WATER  591ML Water,0.00,3.00,0.00,WATER
Water kirkland,Water kirkland,0.00,1.00,0.00,WATER
BASK 750,BASK 750,0.00,15.66,13.00,Wine
Bodacious 1.5l,Bodacious 1.5l,0.00,24.66,13.00,Wine
Bodacious smooth red,Bodacious smooth red,0.00,14.30,13.00,Wine
Bodacious Smooth Red,Bodacious Smooth Red,1.00,14.30,13.00,Wine
Honest Lot,Honest Lot,0.00,15.66,13.00,Wine
Jackson Triggs 1.5l,Jackson Triggs 1.5l,0.00,23.31,13.00,Wine
Jackson triggs 750,Jackson triggs 750,0.00,15.00,13.00,Wine
JACKSON TRIGGS MERLOT,JACKSON TRIGGS MERLOT,0.00,15.00,13.00,Wine
jackson-Triggs Pinot Grigio,jackson-Triggs Pinot Grigio,0.00,15.00,13.00,Wine
Maria Christina,Maria Christina,0.00,22.01,13.00,Wine
Yellowtail chardonnay,Yellowtail chardonnay,0.00,16.99,13.00,Wine
