Name;CategoryId;SalePriceExTax;SalePriceIncTax;ButtonColourId;Barcode;SalePriceTaxGroupId
INSTANT OUT;LOTTERY;50.99;50.99;;;NoTax
INSTANT;LOTTERY;30.00;30.00;;;NoTax
LOTTO OUT;LOTTERY;3.50;3.50;;;NoTax
LOTTO IN;LOTTERY;10.00;10.00;;;NoTax
Tiger Lager 500 ml;Beer;3.69;4.16;;086428230502;HST
Tide Original 1L;GROCERY;10.99;12.42;;030772121191;HST
tide og 1 litre;HEALTH & BEAUTY;10.99;12.42;;030772121207;HST
Tide Matic;GENERAL ITEMS;7.99;9.03;;4987176179906;HST
Tide detergent;GROCERY;3.99;4.51;;6903148078884;HST
Tide detergent;GROCERY;7.99;9.03;;030772176344;HST
Tide;GROCERY;6.99;7.90;;030772188460;HST
Tide;GROCERY;7.99;9.03;;030772176351;HST
Tide;GENERAL ITMES;7.99;9.03;;030772176368;HST
tic tac fruit;CANDY,GUMS & CHOCOLATES;2.66;3.01;;062020005649;HST
tic tac freshmint;CANDY,GUMS & CHOCOLATES;2.25;2.54;;062020005618;HST
TWEEZERS;HEALTH & BEAUTY;3.09;3.49;;071603529007;HST
TUFF GUYY 40 STRONG GARBAGE BAGS;HEALTH & BEAUTY;7.99;9.03;;055966994436;HST
Trojan naked;HEALTH & BEAUTY;3.99;4.51;;061700915445;HST
Trojan classic;HEALTH & BEAUTY;3.99;4.51;;061700930509;HST
Tonkotsu;GROCERY;4.00;4.52;;031146056262;HST
TONIC WATERMELON;DRINKS;3.31;3.74;;613008771300;HST
TOBACCO CAMEL ORIGINAL 25;TOBACCO;16.40;18.53;;060100045325;HST
TMPR Hydrogen Peroxide;HEALTH & BEAUTY;3.99;4.51;;757350671519;HST
Titan Freezer Bags;GENERAL ITEMS;2.75;3.11;;059212971448;HST
ting sparkling grape fruit;DRINKS;2.43;2.75;;858629001065;HST
Venice shot glass;GROCERY;3.99;4.51;;069237012408;HST
Ven Dens Wireless charger;Electronics - My top gift;17.99;20.33;;5060674508948;HST
Ven Dens Power Bank;Electronics - My top gift;34.99;39.54;;5060674508887;HST
Ven Dens Mini Car Charger;Electronics - My top gift;9.99;11.29;;5060674507743;HST
Ven Dens Gaming Head Phones;Electronics - My top gift;26.99;30.50;;5056594195597;HST
Ven dens data cable;Electronics - My top gift;9.99;11.29;;5060674508603;HST
Ven dens car mp3 player;Electronics - My top gift;19.99;22.59;;5060674508108;HST
Ven Dens Car Holder;Electronics - My top gift;11.99;13.55;;5056594114666;HST
Ven Dens Car Holder;Electronics - My top gift;12.99;14.68;;5056594152323;HST
Ven dens car holder;Electronics - My top gift;6.99;7.90;;5056594152354;HST
Ven Dens Car holder;Electronics - My top gift;15.99;18.07;;5056594115175;HST
Ven dens cable;Electronics - My top gift;12.99;14.68;;5060674507460;HST
Ven dens cable;Electronics - My top gift;12.99;14.68;;5060674507453;HST
TWIX;CANDY,GUMS & CHOCOLATES;1.99;2.25;;058496352776;HST
Twisted tea pineapple;Beer;3.55;4.00;;087692018551;HST
Twisted Tea Part Pack;R.T.D.;29.99;33.89;;087692023425;HST
Twisted tea original 473;Beer;3.59;4.04;;087692007470;HST
Twisted Tea Extreme Lemon;R.T.D.;3.55;4.00;;087692024224;HST
Twisted tea extreme Blue Razz;R.T.D.;3.55;4.00;;087692020837;HST
Twisted Tea;DRINKS;3.99;4.51;;087692011248;HST
Gravol easy to swallow;HEALTH & BEAUTY;6.99;7.90;;058738325513;HST
GOOD CALL 2.5;phone card;2.50;2.83;;32012500806125;HST
Glue snare;GROCERY;3.99;4.51;;6953937164014;HST
Global Beauty Care Wipes;HEALTH & BEAUTY;6.99;7.90;;814655029749;HST
Glass rose;HEALTH & BEAUTY;3.99;4.51;;5421578602741;HST
Gillette shaving foam 49gm;HEALTH & BEAUTY;1.99;2.25;;065513197661;HST
Gillette Series;HEALTH & BEAUTY;7.99;9.03;;047400662209;HST
GATORADE G2 GRAPE 591UNI;DRINKS;2.99;3.38;;055577420942;HST
Gatorade;ENERGY DRINK;3.10;3.50;;057271165044;HST
Gatorade;DRINKS;3.10;3.50;;057271555845;HST
Garnier Fructis Shampoo;HEALTH & BEAUTY;6.99;7.90;;603084491254;HST
GARBAGE BAGS;HEALTH & BEAUTY;2.49;2.81;;825096000150;HST
Gain Detergent liq.;GENERAL ITEMS;6.99;7.90;;030772247747;HST
G2 ORANGE 591UNI;DRINKS;3.10;3.50;;055577420928;HST
G2 FRUIT PUNCH 591UNI;DRINKS;3.10;3.50;;055577420935;HST
G-ZERO LIME 591UNI;DRINKS;3.10;3.50;;055577420232;HST
G ZERO ORANGE 591UNI;DRINKS;2.99;3.38;;057271162562;HST
G ZERO LEMON LIM E 591UNI;DRINKS;2.99;3.38;;057271162586;HST
G ZERO GLACIER FREEZE;DRINKS;2.99;3.38;;057271164122;HST
G ZERO BERRY 591UNI;DRINKS;2.99;3.38;;057271162609;HST
G ZERO BERRY;DRINKS;2.99;3.38;;057271162647;HST
G ORANGE 591UNI;DRINKS;3.10;3.50;;055577420249;HST
G FRIUT PUNCH 710UNI;DRINKS;3.50;3.96;;055577421000;HST
G FRIU PUNCH 591UNI;DRINKS;2.99;3.38;;055577420263;HST
G COOL CLUE 710UNI;DRINKS;3.50;3.96;;055577421024;HST
G COOL BLUE 591UNI;DRINKS;2.99;3.38;;055577420515;HST
G COOL BLUE 591UNI;DRINKS;2.10;2.37;;055577420270;HST
G CITRON LIME 710UNI;DRINKS;3.50;3.96;;055577421017;HST
Fuzion keepbest;BONG AND PIPES;16.99;19.20;;742271563272;HST
fuse;DRINKS;1.55;1.75;;080793793679;HST
FULL KING SIZE 25;JTI VAPE & CIGARATE;14.82;16.75;;060100045844;HST
FIJI 1.5L;DRINKS;4.49;5.07;;632565000234;HST
FERRERO ROCHER;CANDY,GUMS & CHOCOLATES;2.87;3.24;;06202945;HST
Febreze air mist;GROCERY;6.50;7.35;;030772030868;HST
FEBEZE MEDITERRANEAN LAVENDER;HEALTH & BEAUTY;6.99;7.90;;037000962649;HST
Faxe Amber 473;Beer;2.59;2.91;;5741000500057;HST
Fax Premium;Beer;3.09;3.48;;5741000465684;HST
Fanta Strawberry 2L;DRINKS;3.99;4.51;;067000013775;HST
fanta can;DRINKS;1.33;1.50;;067000011559;HST
Fanta 710;DRINKS;3.20;3.62;;067000013874;HST
Fanta 355;DRINKS;1.33;1.50;;067000013737;HST
FANTA 2L OR;DRINKS;4.43;5.01;;067000011641;HST
Fanta 2l;DRINKS;3.99;4.51;;067000013843;HST
Fanta;DRINKS;1.87;2.11;;067000011061;HST
Export A Green Rolling Paper;VAPE & CIGAR;2.88;3.25;;060100003004;HST
Export A Full;TOBACCO;4.42;4.99;;060100003097;HST
EXPORT A FINE RG 25;TOBACCO;19.03;21.50;;060100009389;HST
EXPORT A FINE;TOBACCO;19.03;21.50;;060100009440;HST
excel white bubble gum gum;CANDY,GUMS & CHOCOLATES;2.21;2.50;;064900409554;HST
Excel spearmint 12 pc singkles;CANDY,GUMS & CHOCOLATES;2.21;2.50;;064900000317;HST
White Claw surge;R.T.D.;3.89;4.38;;848819001654;HST
white claw passion fruit;Beer;3.89;4.38;;848819000947;HST
White Claw Mango 473ML;Beer;3.59;4.04;;848819000015;HST
White claw lime 473ml;R.T.D.;3.59;4.04;;848819000022;HST
White Claw Hard Seltzer Black Cherry 473;R.T.D.;3.59;4.04;;848819000008;HST
White Claw Blackberry 473ML;R.T.D.;3.59;4.04;;848819000985;HST
Whiskas Seafood 670g;PET FOOD;7.99;9.03;;058496433215;HST
Wellson painters tape;GROCERY;2.99;3.38;;063252385554;HST
Wellson insulation tape;GROCERY;2.99;3.38;;063252385462;HST
Wellson duct tape;GROCERY;2.99;3.38;;063252385387;HST
WD-40;GROCERY;9.99;11.29;;061536012721;HST
Wild pard shoe polish;GROCERY;3.99;4.51;;698931001427;HST
Wild pard shoe polish;GROCERY;2.99;3.38;;698931001434;HST
HEINEKEN 330UNIT;Beer;3.19;3.58;;72890000224;HST
heinekel 6 pack 330ml bottle;Beer;20.42;23.00;;072890000033;HST
HARIBO GOLD BEARS 150G;SNACK;3.49;3.94;;4001686396452;HST
HAPPY VALEMTINE 6INH;BONG AND PIPES;4.99;5.64;;5421578602765;HST
halls vitamin c citrus;CANDY,GUMS & CHOCOLATES;2.25;2.54;;057700853863;HST
halls regular;CANDY,GUMS & CHOCOLATES;2.21;2.50;;057700229972;HST
halls honey lemon;CANDY,GUMS & CHOCOLATES;2.25;2.54;;057700628805;HST
HALLS EXTRA FORT;CANDY,GUMS & CHOCOLATES;2.25;2.54;;057700212752;HST
Halls cherry flavour sugarfree;CANDY,GUMS & CHOCOLATES;2.25;2.54;;057700229958;HST
Haiegendas Choc;ICE CREAMS;8.99;10.16;;055000205665;HST
Habibi Pre rolled tip;HEALTH & BEAUTY;3.99;4.51;;788413295601;HST
HAAGEN DAZZ VANILLA MILK;ICE CREAMS;4.79;5.41;;055000205306;HST
HAAGEN DAZZ VANILLA ALMOND;ICE CREAMS;4.79;5.41;;055000205320;HST
Haagen Dazs;Ice cream;8.99;10.16;;055000201827;HST
Haagen Dazs;Ice cream;8.99;10.16;;055000205542;HST
guniess 4 pack;Beer;15.58;17.53;;083820123609;HST
Guiness 500 ML;Beer;4.35;4.90;;5000213015414;HST
FRUITIE FRUIT PUNCH;DRINKS;3.99;4.51;;067311350026;HST
FRITR ICED TEA;DRINKS;3.99;4.51;;067311002994;HST
FRISKIES TURKEY & CHEESE DINNER;PET FOOD;1.77;2.00;;050000150779;HST
FRISKIES SEAFOOD SUPREME;PET FOOD;1.77;2.00;;056366006989;HST
FRISKIES SALMON DINNER;PET FOOD;1.77;2.00;;056366006903;HST
FRISKIES OCEAN WHITEFISH TUNA;PET FOOD;1.49;1.68;;056366006897;HST
FRISKIES CHICKEN DINNER IN GRAVEY;PET FOOD;1.49;1.68;;056366006729;HST
FRISKIES CHICKEN DINNER;PET FOOD;1.49;1.68;;056366006866;HST
FRISKIES CHICKEN & SALMON DINNER;PET FOOD;1.77;2.00;;050000161867;HST
FRISKIES CHEFS DINNER;PET FOOD;1.49;1.68;;056366006965;HST
Friskie turkey Dinner 156g;PET FOOD;1.77;2.00;;056366115773;HST
Friskie turkey and Giblets Dinner 156g;PET FOOD;2.19;2.47;;056366115797;HST
FRESCA 2L;DRINKS;3.99;4.51;;06755508;HST
Flying monkey velvet bubble load 473;Beer;4.09;4.61;;870766000985;HST
FL RUFFLES REGULAR;CHIPS & SNACKS;5.50;6.22;;060410047224;HST
FL OVEN BAKED BBQ 177G;CHIPS & SNACKS;5.39;6.09;;060410061084;HST
FL MISS VICKIES SPICY DILL P;CHIPS & SNACKS;5.49;6.20;;060410053317;HST
Fishermans Friend;CANDY,GUMS & CHOCOLATES;3.50;3.96;;05899753;HST
Vogue;TOBACCO;18.58;21.00;;059300063345;HST
Vita coconut waster 330ml;DRINKS;2.49;2.81;;898999000022;HST
WINDEX ORIGINAL;HEALTH & BEAUTY;6.99;7.90;;059200807704;HST
LD BOLD KS 25;TOBACCO;14.82;16.75;;060100037641;HST
LAYS WAVY ORIGINAL 235G;CHIPS & SNACKS;5.39;6.09;;060410047040;HST
ZIPPO FLUID 355ML;HEALTH & BEAUTY;11.99;13.55;;041689301224;HST
Zippo Flints;VAPE & CIGAR;2.66;3.01;;041689200657;HST
Zigzag Green;VAPE & CIGAR;2.66;3.01;;008660100306;HST
ZIG ZAG WHITE;TOBACCO;3.10;3.50;;008660100108;HST
ZIG ZAG SILVER;TOBACCO;3.10;3.50;;008660100405;HST
ZIG ZAG BLUE;TOBACCO;2.66;3.01;;008660100207;HST
ZESTY RANCH;CHIPS;4.99;5.64;;829515324629;HST
Yellowtail chardonnay;Wine;15.06;16.99;;839743000028;HST
Xtricity light bulb clear 60 watts;HEALTH & BEAUTY;2.99;3.38;;621139639024;HST
Xlite lighter;LIGHTER;1.99;2.25;;877318001353;HST
X-LITE;VAPE & CIGAR;2.66;3.01;;877318100063;HST
WRIGLEYS DOUBLE MINT;CANDY,GUMS & CHOCOLATES;3.29;3.72;;064900409677;HST
Little Hearts;SNACK;1.99;2.25;;8901063136250;HST
Lip Medex;HEALTH & BEAUTY;3.99;4.51;;04138891;HST
LETS PARTY 24;HEALTH & BEAUTY;2.49;2.81;;062823450493;HST
Lesalon nail clipper;HEALTH & BEAUTY;2.99;3.38;;061541046056;HST
Lesalon Cosmetic pads;HEALTH & BEAUTY;2.25;2.54;;061541478116;HST
LD Standard Bold KS 20;TOBACCO;12.17;13.75;;060100038600;HST
LD STANDARD BOLD;TOBACCO;14.82;16.75;;060100038631;HST
LD SMOOTH KS 25;TOBACCO;14.82;16.75;;060100038037;HST
LD MEDIUM KS 20;TOBACCO;12.17;13.75;;060100037795;HST
OCB Regular;GENERAL ITEMS;2.99;3.38;;3057068029709;HST
"OCB premium Black1 1/4""";VAPE & CIGAR;1.77;2.00;;30052765;HST
OCB KS;TOBACCO;2.50;2.83;;30065505;HST
Oasis Red Grape;GROCERY;1.77;2.00;;067311241218;HST
OASIS ORANGE 300 ML;DRINKS;1.77;2.00;;067311020110;HST
nutrl lemon 473 ml;R.T.D.;3.59;4.04;;628055589181;HST
Nutrl Grape;R.T.D.;3.59;4.04;;062067392771;HST
Nutrl Blackberry;R.T.D.;3.89;4.38;;062067423697;HST
Nutella Bread Sticks;CANDY,GUMS & CHOCOLATES;3.49;3.94;;062020050526;HST
Noorani Hanna;HEALTH & BEAUTY;5.99;6.77;;813107000022;HST
Noorani Hanna;HEALTH & BEAUTY;5.99;6.77;;813107000015;HST
Nongshim Spicy Chicken Bowl GENERAL ITEM;GROCERY;2.49;2.81;;031146250301;HST
Nivea Men Shower Gel;HEALTH & BEAUTY;8.99;10.16;;056594008632;HST
Nivea men Shower Gel;HEALTH & BEAUTY;8.99;10.16;;056594010130;HST
Nivea Men Boost Shower Gel;HEALTH & BEAUTY;8.99;10.16;;056594018679;HST
nic outt;VAPE & CIGAR;2.99;3.38;;094922863485;HST
NIBO BUTANE 162G;HEALTH & BEAUTY;4.99;5.64;;061740110121;HST
Next Xtra Tobacco;TOBACCO;31.00;35.03;;061900106919;HST
Next Xtra KS 25;TOBACCO;15.93;18.00;;061900107046;HST
Next XTRA KS 20;TOBACCO;12.83;14.50;;061900107022;HST
Next SMOOTH KS 25;TOBACCO;15.93;18.00;;061900107374;HST
Next original RG 25;TOBACCO;15.93;18.00;;061900107138;HST
Next Original KS 25 carton;TOBACCO;123.89;140.00;;061900007056;HST
Next original KS 25;TOBACCO;15.93;18.00;;061900107053;HST
Next Original KS 20 carton;TOBACCO;119.46;134.99;;061900007001;HST
Next ORIGINAL KS 20;TOBACCO;12.83;14.50;;061900107008;HST
Next Extra KS 25 carton;TOBACCO;123.89;140.00;;061900007049;HST
Next Extra KS 20 Carton;TOBACCO;119.47;135.00;;061900007025;HST
Magnum;HEALTH & BEAUTY;3.99;4.51;;061700912208;HST
Mad Tom IPA;Beer;4.09;4.61;;628669010101;HST
MACDONALD ORIGINAL 25 KS;TOBACCO;15.93;18.00;;060100035180;HST
MACDONALD ORIGINAL 20 KS;TOBACCO;13.27;15.00;;060100035159;HST
M&M MILK CHOC 87.9G;CANDY,GUMS & CHOCOLATES;2.99;3.38;;040000497523;HST
M & M PEANUT 49G;CANDY,GUMS & CHOCOLATES;2.49;2.81;;058496812324;HST
M & M CANDY,GUMS & CHOCOLATES 48G;CANDY,GUMS & CHOCOLATES;2.49;2.81;;058496812317;HST
Lsta mint chill;HEALTH & BEAUTY;2.21;2.50;;814724020141;HST
Lowenbrau 6tc;Beer;15.50;17.44;;062067423246;HST
Lovu cotton swabs;HEALTH & BEAUTY;3.99;4.51;;059338134666;HST
old milwaukee 6PK;Beer;13.35;15.01;;056910401345;HST
Old Milwaukee 6 pack;Beer;13.35;15.01;;056910402540;HST
old milwaukee blue 473 ml;Beer;2.59;2.91;;056910402502;HST
old milwaukee 473 ml;Beer;2.59;2.91;;056910401338;HST
Old dutch;GROCERY;4.99;5.64;;063474104179;HST
Old dutch;GENERAL ITEMS;7.89;8.92;;063474313496;HST
original CHIPS & SNACKS;CHIPS & SNACKS;5.49;6.20;;060410046678;HST
Pabst Blue Ribbon 6 pk;Beer;15.51;17.45;;056910414734;HST
Pabst;DELI;2.59;2.91;;056910406418;HST
Pall Mall Bold cart.;TOBACCO;119.50;135.04;;059300527786;HST
PALL MALLSP XL FULL KS;TOBACCO;15.04;17.00;;059300062751;HST
Parlour Juice Pop;Ice cream;1.55;1.75;;05506101;HST
Pantene;HEALTH & BEAUTY;7.99;9.03;;080878044481;HST
Panasonic AAA4;HEALTH & BEAUTY;2.99;3.38;;073096500273;HST
Panasonic AA4;HEALTH & BEAUTY;2.99;3.38;;073096500235;HST
PAMOLIVE 828UNI;HEALTH & BEAUTY;3.99;4.51;;035000463036;HST
Pepsi zero;DRINKS;2.99;3.38;;069000013830;HST
Pepsi Diet 710 ml;DRINKS;3.00;3.39;;069000010662;HST
Peelrrz;CANDY,GUMS & CHOCOLATES;3.49;3.94;;667888590582;HST
Peel Pop;CANDY,GUMS & CHOCOLATES;2.99;3.38;;850079218710;HST
Peel pop;CANDY,GUMS & CHOCOLATES;2.99;3.38;;850079218642;HST
Peel Pop;CANDY,GUMS & CHOCOLATES;2.99;3.38;;850079218673;HST
Peel pop;CANDY,GUMS & CHOCOLATES;2.99;3.38;;850079218666;HST
Peel Pop;CANDY,GUMS & CHOCOLATES;2.99;3.38;;850079218703;HST
Peach Tea Peach;bevrages;1.99;2.25;;2437606766407;HST
PEACE TEA SNO BERRY;DRINKS;1.99;2.25;;06787303;HST
PEACE TEA RASPBERRY;DRINKS;1.99;2.25;;06766504;HST
PEACE TEA PEACH;DRINKS;1.99;2.25;;06766407;HST
PC Club soda;GROCERY;3.99;4.51;;060383125189;HST
Patty Combo;FOOD ITMES;3.10;3.50;;24543;HST
Patty;FOOD ITMES;2.22;2.51;;24542;HST
PASSION FLAKIE;BAKERY;2.49;2.81;;06797231;HST
parlour Pop Mango;Ice cream;1.55;1.75;;05506208;HST
Pur-est Cotton swab;HEALTH & BEAUTY;2.50;2.83;;806712309116;HST
Pringles Spicy hot pot;CHIPS & SNACKS;4.99;5.64;;064100159433;HST
PRINGLES SOUR CREAM& ONION;CHIPS & SNACKS;4.99;5.64;;064100111356;HST
Pringles Sauce chilly;CHIPS & SNACKS;4.99;5.64;;064100159372;HST
PRINGLES SALT & VINEGAR;CHIPS & SNACKS;4.99;5.64;;064100111417;HST
PRINGLES PIZZA;GROCERY;4.99;5.64;;064100111431;HST
PRINGLES ORIGINAL;CHIPS & SNACKS;4.99;5.64;;064100111332;HST
Pringles Origianl 67g;CHIPS & SNACKS;2.66;3.01;;064100852617;HST
Pringles Masala;CHIPS & SNACKS;4.99;5.64;;064100159396;HST
PRINGLES HOT ONES 156G;CHIPS;3.99;4.51;;064100150546;HST
Pringles BBQ 68g;CHIPS;2.66;3.01;;064100119352;HST
PRINGLES BBQ;CHIPS & SNACKS;4.99;5.64;;064100111370;HST
Pringles All Dressed;CHIPS & SNACKS;4.99;5.64;;064100147973;HST
POWER ADE ORANGE;DRINKS;2.99;3.38;;06748702;HST
POWER ADE MIX BERRY;DRINKS;3.49;3.94;;06748508;HST
POWER ADE MELON PINEAPPLE;DRINKS;2.99;3.38;;06748809;HST
POWER ADE FRUIT PUNCH;DRINKS;3.49;3.94;;06748605;HST
POPSICLE LIFE SAVER;ICE CREAMS;2.79;3.15;;055000600460;HST
POP SHOP LIME;DRINKS;2.22;2.51;;180009000024;HST
POP SHOP CREAM SODA;DRINKS;2.22;2.51;;180009000031;HST
POP SHOP COTTON CANDY,GUMS & CHOCOLATES;DRINKS;2.22;2.51;;180009000338;HST
POP SHOP BLACK CHERRY;DRINKS;2.22;2.51;;180009000017;HST
PLAYERS SMOOTH 20 KS;TOBACCO;18.30;20.68;;05934031;HST
PLAYER SMOOTH 25 KS;TOBACCO;22.90;25.88;;05935739;HST
PLAYER 25 RG;TOBACCO;22.90;25.88;;05934934;HST
Plates;GROCERY;4.99;5.64;;055966913109;HST
pine apple burst;DRINKS;3.57;4.03;;067311680284;HST
PHOTO;GENERAL ITEMS;14.99;16.94;;24343;HST
Phillies strawberry 5pk;TOBACCO;11.73;13.25;;070235629512;HST
Phillies Blunt Chocolate 5 Cigar/Pack;TOBACCO;11.73;13.25;;070235629482;HST
Philip Morris special 20 ks;TOBACCO;12.83;14.50;;061900107206;HST
Philip Morris original 20 ks;TOBACCO;12.83;14.50;;061900107213;HST
Red Stripe Lager 6*330ml;Beer;18.09;20.36;;698614021278;HST
RED BULL SUGAR FREE 355 UNI;DRINKS;3.75;4.24;;180854000606;HST
RED BULL SUGAR FREE 250 UNI;DRINKS;3.55;4.01;;180854000309;HST
RED BULL 473 UNI;DRINKS;5.75;6.50;;180854000774;HST
RED BULL 355 UNI;DRINKS;3.75;4.24;;180854000507;HST
RED BULL 250 original;DRINKS;3.55;4.01;;180854000101;HST
Real Kimchi Noodle;SNACK;3.99;4.51;;8801052043661;HST
reactine EXTRA STRENGTH;HEALTH & BEAUTY;6.99;7.90;;060245250035;HST
RAW TIPS ROLL;TOBACCO;1.99;2.25;;716165179481;HST
RAW TIPS;VAPE & CIGAR;1.77;2.00;;716165177395;HST
RAW ROLLING PAPERS 1.1/4 SIZE;TOBACCO;2.21;2.50;;716165177319;HST
RAW KS;VAPE & CIGAR;3.20;3.62;;716165177357;HST
RAW CLASSIC CONES;HEALTH & BEAUTY;3.99;4.51;;716165177111;HST
raw classic 3 pack;VAPE & CIGAR;3.99;4.51;;716165296867;HST
RAW CLASSIC;VAPE & CIGAR;2.65;2.99;;716165174233;HST
"Raw 1 1/4"" Black";VAPE & CIGAR;2.65;2.99;;716165280965;HST
RAID ANT,ROACH & EARWIG;HEALTH & BEAUTY;12.99;14.68;;062300017256;HST
Q-tips cotton swabs;HEALTH & BEAUTY;4.99;5.64;;065656913500;HST
Pwrd;DRINKS;3.49;3.94;;06748906;HST
Purew Air;GENERAL ITEMS;6.50;7.35;;806712305279;HST
Pure klean;GROCERY;2.99;3.38;;806712314905;HST
Pure clean dish washing solution;GROCERY;2.99;3.38;;806712307839;HST
Pure air;GROCERY;2.99;3.38;;806712305286;HST
Pure air;GROCERY;2.99;3.38;;806712310396;HST
Pure Air;GENERAL ITEMS;6.50;7.35;;055966919088;HST
Pure air;GENERAL ITEMS;6.50;7.35;;806712310402;HST
Pur-est liquid soap;HEALTH & BEAUTY;3.99;4.51;;806712304708;HST
Pur-est liquid soap;HEALTH & BEAUTY;3.99;4.51;;806712306870;HST
Rougemont Apple juice 2L;GROCERY;5.00;5.65;;067311010029;HST
RONSON;HEALTH & BEAUTY;4.99;5.64;;059136991423;HST
RING POP;CANDY,GUMS & CHOCOLATES;1.33;1.50;;041116005190;HST
Rickards Red 473 ML;Beer;4.09;4.61;;056327004948;HST
REV PET VODKA BEV 437ML;Beer;3.09;3.48;;620213250124;HST
regular CHIPS & SNACKS;CHIPS & SNACKS;5.49;6.20;;060410047217;HST
REESES 3 CUP;CANDY,GUMS & CHOCOLATES;1.99;2.25;;056600793217;HST
Sea salt & malt vinegar;CHIPS & SNACKS;5.50;6.22;;060410046715;HST
SCOTTIES;HEALTH & BEAUTY;2.25;2.54;;061328805036;HST
SCHWEPPES 2LT;DRINKS;4.29;4.85;;016600000395;HST
Schweppers Ginger ale;DRINKS;2.99;3.38;;016600000760;HST
SBK Knee support;HEALTH & BEAUTY;3.99;4.51;;6939535768113;HST
Sapporo 6 pk;Beer;22.89;25.79;;056910605064;HST
Saniblend Cleaner;GROCERY;14.99;16.94;;834605003834;HST
salt nd vinegar lays;CHIPS;4.99;5.64;;060410079478;HST
Sail Deluxe Pipe Tobacco 50 g;TOBACCO;35.40;40.00;;061900068118;HST
sail classic;TOBACCO;13.72;15.50;;061900074003;HST
RXBAR;CANDY,GUMS & CHOCOLATES;2.21;2.50;;859162007583;HST
RXBAR;CANDY,GUMS & CHOCOLATES;2.21;2.50;;859162007606;HST
RXBAR;CANDY,GUMS & CHOCOLATES;2.21;2.50;;24435;HST
RXBAR;CANDY,GUMS & CHOCOLATES;2.21;2.50;;859162007620;HST
RW KS PH;TOBACCO;2.99;3.38;;716165174219;HST
RUFFLES CHEDDAR & SOUR CREAM;CHIPS & SNACKS;5.39;6.09;;060410075098;HST
Ruffles;CHIPS;1.00;1.13;;060410021842;HST
RUFFELS CREAM ONION 28G;CHIPS;1.00;1.13;;060410055076;HST
ROYAL SCRUB;HEALTH & BEAUTY;2.69;3.04;;063920019347;HST
ROYAL OAK CHARCOAL LIGHTER 946UNI;HEALTH & BEAUTY;5.99;6.77;;016800233005;HST
royal;HEALTH & BEAUTY;4.29;4.85;;063435704073;HST
PREMIER PROTEIN VANILLA 325ML;DRINK/SLUSHY;3.31;3.74;;643843714828;HST
powerade zero punch;DRINKS;3.49;3.94;;067000011887;HST
powerade zero blue;DRINKS;3.49;3.94;;06794604;HST
SESAME SNAPS;CANDY,GUMS & CHOCOLATES;1.00;1.13;;872590000155;HST
SEALTEST CANDY,GUMS & CHOCOLATES MILK 47;DAIRY PRODUCTS TAXABLE;1.99;2.25;;064420201713;HST
SEALTEST 3.25% 1L;DAIRY PRODUCTS TAXABLE;3.99;4.51;;064420000224;HST
Smart food;CHIPS & SNACKS;5.39;6.09;;060410029886;HST
Small Trey;GROCERY;2.50;2.83;;055966900291;HST
Small Aluminium tray;GENERAL ITEMS;2.99;3.38;;055966202173;HST
SLIM OCB;VAPE & CIGAR;2.99;3.38;;3057068015986;HST
SKITTLESSOUR 51G;CANDY,GUMS & CHOCOLATES;2.21;2.50;;058496894917;HST
SKITTLES ORIGINAL 61G;CANDY,GUMS & CHOCOLATES;2.21;2.50;;058496829605;HST
SKITTLES GUMMIES ORIGINAL 57G;HEALTH & BEAUTY;1.99;2.25;;058496460785;HST
Sour Cream Onion 68g;CHIPS;2.66;3.01;;064100852624;HST
sour cream and onion small;CHIPS & SNACKS;2.39;2.70;;060410047644;HST
Sour cream & Onion CHIPS & SNACKS;CHIPS & SNACKS;5.50;6.22;;060410047248;HST
Sour cream & BaconCHIPS & SNACKS;CHIPS & SNACKS;5.39;6.09;;060410047255;HST
SOS 10 PADS;HEALTH & BEAUTY;2.99;3.38;;067029931012;HST
Somersby 473ML;Beer;3.59;4.04;;675325010005;HST
Solid Vibe;ENERGY DRINK;3.99;4.51;;990312906964;HST
Solid Vibe;ENERGY DRINK;3.99;4.51;;990312906971;HST
Solid Vibe;ENERGY DRINK;3.99;4.51;;990312906957;HST
Softsoap Body Wash;HEALTH & BEAUTY;6.99;7.90;;074182473518;HST
soda club;DRINKS;1.33;1.50;;06224318;HST
Snuggle air freshner;GROCERY;2.99;3.38;;087399590954;HST
SNICKERS;CANDY,GUMS & CHOCOLATES;2.21;2.50;;058496422394;HST
Smoke it lighter;LIGHTER;4.99;5.64;;853195000542;HST
SMIRNOFF ICE ORIGINAL 473ML;Beer;3.29;3.70;;082000773900;HST
Smirnoff ice berry blast 473;Beer;3.55;4.00;;082000785552;HST
Smartfood White Cheddar 45g;CHIPS & SNACKS;2.39;2.70;;060410006139;HST
SMARTFOOD MOVIE NIGHT BUTTER;CHIPS & SNACKS;5.50;6.22;;060410029909;HST
SUNNY TANGY ORIGINAL;DRINKS;1.99;2.25;;050200012976;HST
SUNNY D ORANGE ST;DRINKS;1.99;2.25;;050200013003;HST
Sun Cruiser;R.T.D.;3.59;4.04;;087692023470;HST
Strongmore Aluminium Foil;GROCERY;5.99;6.77;;806712305026;HST
Stella Artois 6 x 473ml;ALCOHOL;21.49;24.21;;062067382161;HST
stella 473 ml;DRINKS;3.49;3.94;;062067382178;HST
Steam Whistle;DRINKS;3.99;4.50;;702915003014;HST
SPRITE CAN;DRINKS;1.49;1.68;;06793207;HST
SPRITE 710 ML;DRINKS;2.99;3.38;;067000104015;HST
SPRITE 2L;DRINKS;3.99;4.51;;06750600;HST
sprite zero sugar;DRINKS;4.29;4.85;;067000110573;HST
SPEED STICK COOL CLEAN;HEALTH & BEAUTY;5.99;6.77;;022200940252;HST
speed stick;HEALTH & BEAUTY;5.99;6.77;;022200940214;HST
Special Blue;LIGHTER;7.99;9.03;;811490251823;HST
sparemint;GENERAL ITEMS;2.99;3.38;;073390055905;HST
Spa Soap;HEALTH & BEAUTY;3.99;4.51;;852474166313;HST
TANG ORANGE;HEALTH & BEAUTY;3.99;4.51;;066188055300;HST
Takis int. nacho;CHIPS & SNACKS;3.99;4.51;;757528050511;HST
TAKIS FUEGO 260GM;CHIPS;3.99;4.51;;757528052935;HST
TAKIES BLUE HEAT;CHIPS & SNACKS;3.99;4.51;;757528051143;HST
TABLE ACCENTS FORKS;HEALTH & BEAUTY;2.29;2.59;;055966908129;HST
TABLE ACCENTS 15 PAPER PLATES;HEALTH & BEAUTY;3.50;3.96;;055966913062;HST
TABLE ACCENT PLASTIC TEASPOON;HEALTH & BEAUTY;2.99;3.38;;055966908143;HST
10 SUPER FORT;HEALTH & BEAUTY;2.99;3.38;;627792003264;HST
0ASIS APPLE 300 ML;DRINKS;1.77;2.00;;067311010111;HST
06215718;DRINKS;4.44;5.02;;06215718;HST
061200018769;CANDY,GUMS & CHOCOLATES;1.99;2.25;;061200018769;HST
060410086407;CHIPS & SNACKS;4.99;5.64;;060410086407;HST
058496467494;CANDY,GUMS & CHOCOLATES;2.21;2.50;;058496467494;HST
03306000;LIGHTER;2.50;2.83;;070330600065;HST
TEREA OAK FOR IIUMA 54;TOBACCO;31.49;35.58;;061900602206;HST
TEREA BIRCHA FOR IIUMA 54;TOBACCO;31.49;35.58;;061900602220;HST
Teco Earphones;cell phone accesroies;11.99;13.55;;197111051998;HST
25D Lighter;GENERAL ITEMS;1.50;1.70;;705833099671;HST
20 INCH FOIL;DAIRY PRODUCTS TAXABLE;3.99;4.51;;057351222230;HST
5 gum rain;CANDY,GUMS & CHOCOLATES;3.09;3.49;;064900408380;HST
5 gum prism;CANDY,GUMS & CHOCOLATES;2.99;3.38;;064900423987;HST
5 gum flood;CANDY,GUMS & CHOCOLATES;3.09;3.49;;064900429170;HST
5 gum cobalt;CANDY,GUMS & CHOCOLATES;2.99;3.38;;064900408403;HST
5 gum acsent;CANDY,GUMS & CHOCOLATES;3.09;3.49;;064900227035;HST
Adaptor Plug;Cables and Chargers;2.99;3.38;;624274515444;HST
80 GM KABOOM;CHIPS;1.99;2.25;;757528050832;HST
7up zero sugar;DRINKS;3.99;4.51;;06547436;HST
Carling lager;Beer;15.49;17.43;;056327016224;HST
carling ice 473 ml;DRINKS;3.09;3.48;;056327263932;HST
carling;Beer;2.59;2.91;;056327004146;HST
Caramilk;CANDY,GUMS & CHOCOLATES;1.99;2.25;;06109224;HST
CAPTAIN MORGAN MANGO MAI TAI 355ML;Beer;3.09;3.48;;082000802396;HST
Captain Black;TOBACCO Accessories;2.22;2.51;;24333;HST
Captain Black;TOBACCO Accessories;2.22;2.51;;24332;HST
CANDY,GUMS & CHOCOLATES raspberry truffl;Ice cream;8.99;10.16;;055000205702;HST
CANADA DRY CLUB SODA 2L;DRINKS;3.99;4.51;;06216018;HST
CANADA DRY CAN;DRINKS;1.33;1.50;;06224017;HST
Canada dry 710;DRINKS;2.99;3.38;;06221010;HST
CAMEL SMOOTH LK;TOBACCO;14.82;16.75;;060100045295;HST
Camel select 20;TOBACCO;12.17;13.75;;060100045592;HST
CAMEL ORIGINAL KS 20;TOBACCO;12.17;13.75;;060100005039;HST
CADBURY CRUNCHIE;CANDY,GUMS & CHOCOLATES;1.99;2.25;;061200225952;HST
CADBURY CARAMILK;CANDY,GUMS & CHOCOLATES;2.21;2.50;;06105422;HST
CABLE;PARTY STUFF;5.99;6.77;;063252389491;HST
BUTANE G;HEALTH & BEAUTY;5.99;6.77;;059136991447;HST
Air heads strawberry;DRINKS;2.75;3.11;;860013906221;HST
Air heads soda Watermelon;DRINKS;2.75;3.11;;860013906214;HST
Laker red;DRINKS;2.59;2.91;;620707101970;HST
Laker Lager 6*473ML;Beer;13.99;15.81;;620707554462;HST
laker lager 473 ml;DRINKS;2.59;2.91;;070310001578;HST
laker ice black 473 ml;DRINKS;2.59;2.91;;070310001707;HST
Laker Ice 6x473ml;Beer;13.34;15.00;;620707106586;HST
Laker Ice 473ML Can;Beer;2.35;2.66;;7031000170;HST
LADY SARAH Strawberry;SNACK;3.29;3.72;;063517038720;HST
Lady Sarah Hazel Nut;SNACK;3.29;3.72;;063517038713;HST
Labatt Blue 6 pack;Beer;15.50;17.44;;062067380624;HST
La Petite Danish;COOKIES;2.50;2.83;;055598622103;HST
KOOL-AID LOLLIPOP DIPPERS;CANDY,GUMS & CHOCOLATES;2.99;3.38;;083933232878;HST
kit kat double crunch;ICE CREAMS;3.49;3.94;;055000209120;HST
Kirkland towel;HOUSE HOLD ITEM;3.99;4.51;;096619188109;HST
Kirkland Tissue;GROCERY;8.99;10.16;;096619960095;HST
KING SIZE RAW PAPER;TOBACCO;3.10;3.50;;716165280972;HST
Arizone Tropicsl chillzikle;DRINKS;3.31;3.74;;613008767372;HST
ARIZONA WATERMELON 680UNI;DRINKS;2.66;3.01;;613008766856;HST
Arizona Rizzler berry;DRINKS;2.65;2.99;;613008775728;HST
ARIZONA PEACH;DRINKS;2.99;3.38;;613008766917;HST
ARIZONA MUCHO MANGO;DRINKS;2.43;2.75;;613008766764;HST
ARIZONA ICED TEA WITH LEMON;DRINKS;2.66;3.01;;613008766702;HST
ARIZONA ICE TEA WITH RASPBERRY;DRINKS;2.66;3.01;;613008766948;HST
Arizona hard lemon Flavour;R.T.D.;3.49;3.93;;056327017801;HST
Arizona Hard 473;Beer;3.49;3.93;;056327014930;HST
ARIZONA GREEN TEA-;DRINKS;3.31;3.74;;613008766733;HST
ARIZONA FRT PUNCH 680UNI;DRINKS;2.43;2.75;;613008766795;HST
ARIZONA CUCUMBER 680ML;DRINKS;2.66;3.01;;613008745905;HST
ARIZONA CHERRY LIME RICKEY;DRINKS;2.43;2.75;;613008735012;HST
Aluminum Foil;GROCERY;2.99;3.38;;806712305019;HST
Aluminium Foil;GENERAL ITEMS;4.99;5.64;;059212997622;HST
ALOEVERA ORIGINAL;DRINKS;3.31;3.74;;8809059291986;HST
Aloevera mango;DRINKS;3.31;3.74;;718122298341;HST
Aloe Vera Mango;DRINKS;3.31;3.74;;8809059293959;HST
Aloa Vera Visvita;DRINKS;3.31;3.74;;718122296545;HST
CENTURY SAM;VAPE & CIGAR;9.29;10.50;;060100004735;HST
CELSIUS TROPICAL 330UNI;DRINKS;3.99;4.51;;889392607239;HST
CELSIUS PEACH VIBE 330UNI;DRINKS;3.99;4.51;;889392607277;HST
Celcius Electric Vibe;DRINKS;4.99;5.64;;889392002676;HST
Catch master;GROCERY;5.99;6.77;;029049006101;HST
Allens Apple Juice;JUICE;0.89;1.01;;056412700052;HST
allens apple juice;DRINKS;3.99;4.51;;056412503011;HST
ALL ONE SIZE;HEALTH & BEAUTY;3.99;4.51;;806712311454;HST
ALl dresssed CHIPS & SNACKS;CHIPS & SNACKS;5.49;6.20;;060410047231;HST
all dressed 60g;CHIPS & SNACKS;2.39;2.70;;060410048665;HST
airheads sour;CANDY,GUMS & CHOCOLATES;0.66;0.75;;073390016463;HST
AIRHEADS 15.6G WATER MELON;CANDY,GUMS & CHOCOLATES;0.88;0.99;;073390002039;HST
AIRHEADS 15.6G BLUE RASPBERRY;CANDY,GUMS & CHOCOLATES;0.53;0.60;;073390002206;HST
AIRHEAD 15.6G CHERRY;CANDY,GUMS & CHOCOLATES;0.54;0.61;;073390002015;HST
Cheetos puffs;CHIPS;1.00;1.13;;060410020197;HST
molson dry 710 ml;Beer;3.59;4.04;;056327703414;HST
Molson Cold Shots Max;Beer;3.09;3.48;;056327024762;HST
Molson Cold shot;Beer;5.89;6.60;;056327014145;HST
Molson Canadian 710ml;Beer;4.87;5.50;;056327006010;HST
molson 6 pack;Beer;18.39;20.70;;056327007949;HST
molson 473 ml;Beer;3.09;3.48;;056327073937;HST
MOJI LIGHTER;DRINKS;7.25;8.19;;853195000535;HST
MISS VICKS SEA SALT 55G;CHIPS;2.69;3.04;;060410901656;HST
MISS VICKIES SOUR CREAM & ONION;CHIPS & SNACKS;5.39;6.09;;060410073773;HST
Miss Vickies Origianl 55g;CHIPS & SNACKS;2.39;2.70;;060410071830;HST
Mini HX61;ELECTRONICS;22.99;25.98;;6942007652629;HST
Milano Giant Lady Biscuts;GROCERY;3.99;4.51;;062858101209;HST
Mikes Harder Straw Lemonade;R.T.D.;3.59;4.04;;062067427367;HST
Mikes Hard Lemonade 473;Beer;3.59;4.04;;062067421600;HST
Mikes Hard Blue Freeze;R.T.D.;3.59;4.04;;062067379239;HST
Lays Sour Cream & Onion;GENERAL ITEMS;4.99;5.64;;060410079492;HST
Lays Small Ketchup;SNACK;1.00;1.13;;060410025987;HST
LAYS MAGIC MASALA 200GM;CHIPS;4.99;5.64;;060410079980;HST
LAYS LIGHTLY SALTED 235G;CHIPS & SNACKS;5.39;6.09;;060410047118;HST
lays kechup big 220g;CHIPS;4.99;5.64;;060410079430;HST
Lays Hot N Sweet;CHIPS;4.99;5.64;;060410080054;HST
LAYS DILL PICKLE 220GM;CHIPS;4.99;5.64;;060410079393;HST
LAYS CLASSIC 235G;CHIPS & SNACKS;4.99;5.64;;060410047019;HST
lays classic;CHIPS;1.00;1.13;;060410050910;HST
LAYS BAR BQ 28G;CHIPS;1.00;1.13;;060410009673;HST
Lays 200g;GROCERY;4.99;5.64;;060410079942;HST
Lays;CHIPS & SNACKS;4.99;5.64;;060410080078;HST
Lays Classic 60g;CHIPS & SNACKS;2.39;2.70;;060410048603;HST
Lawenbrau 473;Beer;2.59;2.91;;062067860539;HST
Large Trey;GROCERY;4.50;5.09;;055966900321;HST
Moosehead 6*473ML;Beer;18.49;20.82;;776029703092;HST
moose head 473 ml;Beer;3.09;3.48;;776029701548;HST
MONSTER ZERO SUGAR;DRINKS;3.99;4.51;;070847002901;HST
MONSTER ULTRA ZERO;DRINKS;3.99;4.51;;070847015208;HST
MONSTER ULTRA PEACHY KEEN;DRINKS;3.99;4.51;;070847890720;HST
MONSTER ORIGINAL;DRINKS;3.99;4.51;;070847811190;HST
Monster Energy drink;ENERGY DRINK;3.99;4.51;;070847900177;HST
Munchies peanuts;FOOD ITMES;1.99;2.25;;060410074848;HST
Mug Root Beer 355ml;DRINKS;1.33;1.50;;069000040508;HST
mr.freeze;ICE CREAMS;0.89;1.01;;064331757309;HST
NERDS GUMMY CLUSTERS 142G;CANDY,GUMS & CHOCOLATES;4.99;5.64;;079200066369;HST
NERDS GRAPE 46.7G;CANDY,GUMS & CHOCOLATES;2.21;2.50;;079200370107;HST
NAYA 600ml;DRINKS;1.55;1.75;;057379600119;HST
NESCAFE RICH 100GM;GROCERY;9.99;11.29;;055000008839;HST
Chapstick;HEALTH & BEAUTY;3.99;4.51;;062107817417;HST
Nestle oreoASSORTED SANDWICH single;ICE CREAMS;3.49;3.94;;060000610203;HST
NESTEA LEMON 355ML;DRINKS;1.33;1.50;;990484000071;HST
NESTLE KIT KAT;CANDY,GUMS & CHOCOLATES;1.99;2.25;;05980331;HST
NESTLE GENERAL ITEMS CRISP;CANDY,GUMS & CHOCOLATES;2.21;2.50;;059800000215;HST
Nestle drumstick strawberry;ICE CREAMS;3.99;4.51;;055000174565;HST
Nestle drumstick salty caramel;ICE CREAMS;3.99;4.51;;055000174589;HST
Nestle drumstick CANDY,GUMS & CHOCOLATES;ICE CREAMS;3.99;4.51;;055000174534;HST
NESTLE VANILLA CAKE;ICE CREAMS;1.99;2.25;;055000681728;HST
NESTLE SMARTIES;CANDY,GUMS & CHOCOLATES;1.99;2.25;;05986034;HST
NESTLE AERO MINT;CANDY,GUMS & CHOCOLATES;2.21;2.50;;059800523110;HST
NESTLE AERO;CANDY,GUMS & CHOCOLATES;2.21;2.50;;059800000116;HST
chuny monkey;Ice cream;8.99;10.16;;058779144524;HST
Coconut milk beverage;DRINKS;3.99;4.51;;628915831504;HST
Cockroach trap;GROCERY;1.99;2.25;;063252391913;HST
COCA ORIGINAL 355UNI;DRINKS;1.33;1.50;;06782900;HST
Clorox;GROCERY;5.99;6.77;;055500017294;HST
Clorox;GENERAL ITEMS;5.99;6.77;;055500017287;HST
Cling Wrap;GROCERY;4.99;5.64;;067489106371;HST
CLASSIC DOUBLE EDGE BLADES;HEALTH & BEAUTY;3.99;4.51;;074809903008;HST
Clamato Spicy;R.T.D.;4.09;4.61;;065912002795;HST
Clamato Original;R.T.D.;4.09;4.61;;065912002801;HST
COORS SELTZER SLUSHIE GRAPE 473ML;R.T.D.;3.69;4.16;;056327024069;HST
coors seltzer 7%;Alcoholic Cocktails;3.59;4.04;;056327025080;HST
Coors 6 pack;Beer;18.60;21.02;;056327007956;HST
coors 473 ml;DRINKS;3.09;3.48;;056327183933;HST
COOL RUNNINGS 500ML;DRINKS;2.65;2.99;;624913000270;HST
Conrstarch Baby Powder;HEALTH & BEAUTY;7.99;9.03;;060383157814;HST
COMPOSTABL3E BIRCH FORKS 24;HEALTH & BEAUTY;3.99;4.51;;059212314153;HST
Colgate Brush;GROCERY;2.99;3.38;;058000309166;HST
colgate 95 ml;HEALTH & BEAUTY;2.99;3.38;;058000313194;HST
COLA OG 710UNI;DRINKS;2.99;3.38;;067000104022;HST
COKE ZERO 355UNI CAN;DRINKS;1.33;1.50;;06731906;HST
COKE ZERO 2L;DRINKS;3.99;4.51;;067000106682;HST
COKE DIET 710ML;DRINKS;2.99;3.38;;067000104039;HST
COKE DIET 2L;DRINKS;3.99;4.51;;06789709;HST
COKE 2L;DRINKS;3.99;4.51;;06742708;HST
Craze chocolays;BAKERY;4.59;5.19;;777550513471;HST
Cranberry juice Original 1.89l;GROCERY;5.99;6.77;;031200445261;HST
Cotton Swabs;HEALTH & BEAUTY;2.50;2.83;;806712307785;HST
Cottage spring pink lemonade 473;Beer;3.69;4.16;;051497458348;HST
Corona Extra 6 x 330 ml;ALCOHOL;16.99;19.20;;062067382413;HST
Corona Extra;Beer;23.09;26.01;;062067382345;HST
corona 473 ml;Beer;4.09;4.61;;062067382338;HST
Dare Mallow;SNACKS;3.50;3.96;;055653435006;HST
DAIRY MILK FRUIT & NUT 38GM;CANDY,GUMS & CHOCOLATES;2.21;2.50;;061200018448;HST
Dairy Milk 38g;CANDY,GUMS & CHOCOLATES;2.21;2.50;;061200018424;HST
Cutlery;GENERAL ITEMS;3.99;4.51;;836739321877;HST
Cutlery;GENERAL ITEMS;3.99;4.51;;836739322140;HST
Cry Baby Assorted Gum Balls 36g;CANDY,GUMS & CHOCOLATES;1.55;1.75;;059642340012;HST
CRY BABY;CANDY,GUMS & CHOCOLATES;1.77;2.00;;059642370019;HST
CRUSH ORANGE 710ML;DRINKS;2.99;3.38;;056000004609;HST
CRUSH ORANGE;DRINKS;1.33;1.50;;05660106;HST
Crush;DRINKS;1.33;1.50;;05660300;HST
crus;DRINKS;1.79;2.02;;05660203;HST
Crown royal whisky cola;R.T.D.;3.59;4.04;;082000796855;HST
Borofone Headphones;Electronics - My top gift;49.99;56.49;;6941991101694;HST
Borofone Headphones;Electronics - My top gift;49.99;56.49;;6941991101687;HST
Borofone Headphones;Electronics - My top gift;49.99;56.49;;6941991101700;HST
DIET COKE 355UNI CAN;DRINKS;1.33;1.50;;06792800;HST
diet a and w 2lt;DRINKS;4.29;4.85;;059531001604;HST
Dettol;GENERAL ITEMS;11.99;13.55;;8901396354604;HST
DENTYNE ICE SPEARMINT 12 PCS;CANDY,GUMS & CHOCOLATES;1.99;2.25;;073390055875;HST
Dentyne Ice;CANDY,GUMS & CHOCOLATES;1.99;2.25;;073390055615;HST
Delicious kitchen coconut water;GROCERY;1.99;2.25;;628915831481;HST
Del monte orange;DRINKS;3.50;3.96;;067311267188;HST
del monte mango;DRINKS;3.57;4.03;;067311268376;HST
BRASS LOCK 25MM;SEASONAL;3.10;3.50;;063252363729;HST
Bounty plus;GROCERY;3.99;4.51;;030772201565;HST
bounce 34;OTHER;4.99;5.64;;037000823322;HST
BOUNCE 15;HEALTH & BEAUTY;3.99;4.51;;037000958604;HST
big daddy bisc;COOKIES;2.75;3.11;;626233743202;HST
BICYCLE PLAYING CARDS;STATIONARY;3.99;4.51;;060549008080;HST
bic small;HEALTH & BEAUTY;1.99;2.25;;07033245;HST
BIC BIG LIGHTER;HEALTH & BEAUTY;2.50;2.83;;3086120600020;HST
BIC 5T;HEALTH & BEAUTY;5.99;6.77;;3086125705027;HST
Benson and Hedges prime 25;TOBACCO;20.35;23.00;;061900000729;HST
Benson and Hedges Deluxe KS 20 carton;TOBACCO;124.78;141.00;;061900003997;HST
Benson and Hedges delux 20k;TOBACCO;16.37;18.50;;061900103994;HST
Benson and Hedges Carton;TOBACCO;159.30;180.01;;061900200785;HST
Ben & Jerry- CANDY,GUMS & CHOCOLATES chi;ICE CREAMS;9.99;11.29;;058779142803;HST
BEN & JERRY SALTED CARAMEL ALMOND;ICE CREAMS;7.99;9.03;;058779142728;HST
BEN & JERRY HALF BAKED;ICE CREAMS;8.99;10.16;;058779142759;HST
Belmont select small rg 20;TOBACCO;16.37;18.50;;061900138149;HST
Belmont select RG 25;TOBACCO;20.35;23.00;;061900138156;HST
Belmont select KS;TOBACCO;20.35;23.00;;061900138132;HST
Belmont Select 25 K Carton;TOBACCO;153.10;173.00;;061900038135;HST
belmont select 20k;TOBACCO;16.37;18.50;;061900138125;HST
Belmont RG25;TOBACCO;20.35;23.00;;061900101150;HST
Belmont KS 25 Carton;TOBACCO;153.10;173.00;;061900001139;HST
Belmont KS 25;TOBACCO;20.35;23.00;;061900101136;HST
Belmont 20 RG;TOBACCO;16.37;18.50;;061900101143;HST
Belmont 20 ks;TOBACCO;16.37;18.50;;061900000132;HST
BBQ CHIPS & SNACKS;CHIPS & SNACKS;5.50;6.22;;060410047262;HST
BASK 750;Wine;13.88;15.66;;063657042052;HST
BANDANA;GENERAL ITEMS;2.99;3.38;;825096001904;HST
Bandage;GENERAL ITEMS;2.99;3.38;;806712311461;HST
Bandage;GENERAL ITEMS;2.99;3.38;;806712311553;HST
Band-aid;HEALTH & BEAUTY;2.99;3.38;;381370047544;HST
BACKWOODS RUM.;TOBACCO;13.72;15.50;;071610122772;HST
Backwoods port 5 Pack;TOBACCO;13.27;15.00;;071610122741;HST
BABY DIPPER SOUR  38G;CANDY,GUMS & CHOCOLATES;2.49;2.81;;060631932507;HST
Axe Phonix;HEALTH & BEAUTY;5.99;6.77;;079400550200;HST
Axe Epic fresh;HEALTH & BEAUTY;5.99;6.77;;7791293050638;HST
axe appoloo;GROCERY;5.99;6.77;;7791293041100;HST
Axe Apollo;HEALTH & BEAUTY;5.99;6.77;;079400264411;HST
Bussman Fuze 20A;ELECTRONICS;5.99;6.77;;051712845342;HST
bush ice single;Beer;2.69;3.03;;062067376191;HST
Busch Ice;Beer;16.09;18.10;;062067423222;HST
Busch Bullet;Beer;5.89;6.60;;062067423529;HST
BULDUK SPICY RAMEN 105 G;GROCERY;3.55;4.01;;192699000987;HST
BULDUK SPICY CHIKEN 105 G;GROCERY;3.49;3.94;;8801073210363;HST
Budwieser 6pk 473ml;Beer;18.09;20.36;;062067335389;HST
Budweisr 710ml;Beer;4.97;5.62;;062067335709;HST
budweiser;Beer;3.09;3.48;;062067335358;HST
Bud light 6 Pack;Beer;18.39;20.70;;062067567384;HST
bud light 473ml;Beer;3.09;3.48;;062067567353;HST
Bubly Peach Sparkling Water 355ML;DRINKS;1.64;1.85;;069000158876;HST
BUBLY MANGO;DRINKS;1.64;1.85;;069000149478;HST
Bubly Lime;DRINKS;2.99;3.38;;069000149171;HST
Bubly Grapefruit;DRINKS;2.99;3.38;;069000008294;HST
Bubly Cherry;DRINKS;1.64;1.85;;069000155011;HST
Bubly Cherry;DRINK/SLUSHY;2.99;3.38;;069000159958;HST
Bubly Blueberry;DRINK/SLUSHY;2.99;3.38;;069000161098;HST
bubbly mango;GENERAL ITEMS;2.29;2.59;;69000159361;HST
Brust Protien Coffee;DRINKS;3.20;3.62;;990309700452;HST
brownies mega;HEALTH & BEAUTY;2.49;2.81;;060737739314;HST
Brisk Ice Tea;DRINKS;2.99;3.38;;069000016404;HST
BRISK 2LT;DRINKS;3.99;4.51;;069000015636;HST
Maison Perrier;DRINKS;1.99;2.25;;055000216500;HST
Borofone cable;Electronics - My top gift;7.99;9.03;;6974443384666;HST
Bodacious Smooth Red;Wine;12.68;14.30;;063657031773;HST
Bodacious smooth red;Wine;12.68;14.30;;063657047408;HST
Bodacious 1.5l;Wine;21.85;24.66;;063657033678;HST
BN CANDY,GUMS & CHOCOLATES FUDGE BROWNIE;ICE CREAMS;8.99;10.16;;058779142773;HST
BLUE BEER CUP;HOUSE HOLD ITEM;2.85;3.22;;059212710023;HST
blue 473 ml;Beer;2.59;2.91;;062067351358;HST
BLISTEX REGULAR;HEALTH & BEAUTY;3.49;3.94;;041388220611;HST
Blackwood Whissky Tobacco;TOBACCO;15.00;16.95;;071610122802;HST
Black fly vodka grapefruit 4*400;R.T.D.;12.39;13.95;;883043000806;HST
Black fly vodka cranberry 4*400;Beer;12.39;13.95;;883043000028;HST
Black Fly Vodka Black Cherry 473ML;Beer;3.59;4.04;;883043002763;HST
BLACK FLY TEQUILA SUNRISE 473ML;R.T.D.;3.59;4.04;;883043002336;HST
Black Fly Sour Raspberry 473 ML;Beer;3.59;4.04;;883043000844;HST
Black Fly Sour Grape 473ML;R.T.D.;3.59;4.04;;883043000837;HST
Black Fly Crushed Orange 473ML;R.T.D.;3.59;4.04;;883043001025;HST
eagle torchh;VAPE & CIGAR;7.99;9.03;;853195010503;HST
Durag;HEALTH & BEAUTY;3.99;4.51;;829534916218;HST
Duracell AAA4;HEALTH & BEAUTY;7.99;9.03;;041333424019;HST
Duracell AAA2;HEALTH & BEAUTY;3.99;4.51;;041333224015;HST
Duracell AA4;HEALTH & BEAUTY;7.99;9.03;;041333415017;HST
DURACELL 2 PACK;HEALTH & BEAUTY;3.99;4.51;;041333215013;HST
DUBBLE BUBBLR 6PCS;CANDY,GUMS & CHOCOLATES;1.77;2.00;;059642370002;HST
Du-Rag;HEALTH & BEAUTY;3.99;4.51;;698931001885;HST
Du Maurier Special 20 ks;TOBACCO;19.25;21.75;;059300003136;HST
Du Maurier Smooth 25 Ks;TOBACCO;20.35;23.00;;059300000951;HST
Du Maurier Smooth 20 Rg;TOBACCO;15.93;18.00;;05932732;HST
Du Maurier Smooth 20 Ks;TOBACCO;15.93;18.00;;059300000203;HST
Du Maurier Signature 25 Rg;TOBACCO;20.35;23.00;;05936631;HST
Du Maurier Signature 25 k;TOBACCO;20.35;23.00;;059300002870;HST
Du Maurier signature 20 Rg;TOBACCO;16.37;18.50;;05933139;HST
Du Maurier signature 20 ks;TOBACCO;16.37;18.50;;059300002818;HST
Du Maurier Distinct 25 Ks;TOBACCO;20.35;23.00;;059300006137;HST
Du Maurier Distinct 20 Rg;TOBACCO;15.93;18.00;;05933032;HST
Du Maurier Distinct 20 Ks;TOBACCO;16.37;18.50;;059300006120;HST
DRUMSTICK VANILLA FUDGE;ICE CREAMS;3.79;4.28;;055000563529;HST
DRUMSTICK VANILLA CARAMEL;ICE CREAMS;3.79;4.28;;055000563512;HST
Drum Premier 50g;TOBACCO;39.00;44.07;;061900060235;HST
DRUM ORIGINAL VAPE & CIGARATTE TOBACCO 5;TOBACCO;39.00;44.07;;061900060228;HST
DRINKS ZERO SUGAR 710;DRINKS;3.49;3.94;;067000107467;HST
DRINKS DR PAPPER 2LT;DRINKS;3.99;4.51;;054900000608;HST
DRINKS CRUSH ORANGE 2LT;DRINKS;4.15;4.69;;05609008;HST
DRINKS CRUSH CREAM SODA 2LT;DRINKS;3.99;4.51;;05630804;HST
DRINKS 7UP 2LT;DRINKS;3.99;4.51;;06547339;HST
DRINKS 710ML;DRINKS;2.99;3.38;;069000009840;HST
DRINKS 355UNI--;DRINKS;1.33;1.50;;069000004258;HST
DRINKS 2l;DRINKS;3.99;4.51;;069000002612;HST
DR PEPPER CAN;DRINKS;1.55;1.75;;05492935;HST
Dr Pepper 710 ml;DRINKS;2.99;3.38;;054900021092;HST
Downy softner;GROCERY;9.99;11.29;;030772100332;HST
Dove Shampoo;HEALTH & BEAUTY;8.99;10.16;;079400677297;HST
Dove Men care shampoo;HEALTH & BEAUTY;8.99;10.16;;079400469267;HST
Dove Hair Spray Extra Hold;HEALTH & BEAUTY;9.99;11.29;;079400209832;HST
Double Bubble Gum Balls 36g;CANDY,GUMS & CHOCOLATES;1.55;1.75;;059642340005;HST
Double Bubble;CANDY,GUMS & CHOCOLATES;0.25;0.28;;05964253;HST
Doritos nacho;CHIPS;1.00;1.13;;060410020203;HST
DOR ZSTY CH 235G;CHIPS & SNACKS;5.39;6.09;;060410054444;HST
DOR SWT CHL 235G;CHIPS & SNACKS;5.39;6.09;;060410054420;HST
DOR NCH CHS;CHIPS & SNACKS;5.39;6.09;;060410054406;HST
DOR COL RNC 235G;CHIPS & SNACKS;5.50;6.22;;060410054468;HST
DOR BLD BBQ 235G;CHIPS & SNACKS;5.39;6.09;;060410054383;HST
DOOR GUARD LOCK;HARDWARE;3.49;3.94;;063252376811;HST
Diritos Nacho 70g;CHIPS & SNACKS;2.39;2.70;;060410048474;HST
ICEMAN ICE;ICE;3.99;4.51;;694208000278;HST
ice vbreakers berry splash;CANDY,GUMS & CHOCOLATES;3.49;3.94;;06884701;HST
Huer CANDY,GUMS & CHOCOLATES Cup Gummy 1;CANDY,GUMS & CHOCOLATES;3.99;4.51;;771047240017;HST
HUBBA BUBBA MX ORI;CANDY,GUMS & CHOCOLATES;2.49;2.81;;064900000881;HST
http://pepsico.info/4yLCUx;DRINKS;2.99;3.38;;069000158203;HST
HOT RIDER;HEALTH & BEAUTY;2.99;3.38;;070907298558;HST
Honest Lot;Wine;13.88;15.66;;048162018495;HST
HocoMini Charger;Electronics - My top gift;16.99;19.20;;6942007644754;HST
Hoco Socket;Electronics - My top gift;29.99;33.89;;6942007607124;HST
Hoco Kids HeadPhones;Electronics - My top gift;33.99;38.41;;6942007638555;HST
Hoco Headset with case;Electronics - My top gift;35.99;40.67;;6931474788863;HST
Hoco Headset with case;Electronics - My top gift;37.99;42.93;;6942007609982;HST
Hoco Headset wireless BT;Electronics - My top gift;24.99;28.24;;6942007647809;HST
Hoco Headset;Electronics - My top gift;51.99;58.75;;6942007629188;HST
Hoco Headset;Electronics - My top gift;35.99;40.67;;6942007640077;HST
Hoco Hair Clipper;Electronics - My top gift;49.99;56.49;;6942007623780;HST
Hoco charger adapter;Electronics - My top gift;12.99;14.68;;6942007652032;HST
Hoco Charger;Electronics - My top gift;15.99;18.07;;6942007652049;HST
Hoco Charger;Electronics - My top gift;15.99;18.07;;6942007652056;HST
Hoco Charger;Electronics - My top gift;15.99;18.07;;69420762056;HST
Hoco BT Speaker;Electronics - My top gift;60.99;68.92;;6931474752857;HST
Hoco BT Speaker;Electronics - My top gift;29.99;33.89;;6931474798879;HST
Hoco Adapter;Electronics - My top gift;22.99;25.98;;6931474798695;HST
Hoco - BT Speaker;Electronics - My top gift;29.99;33.89;;6931474798886;HST
hip flask;OTHER;9.99;11.29;;6911831010035;HST
hip flask;OTHER;9.99;11.29;;6911831010028;HST
High Tea Blunt Wraps Mango;TOBACCO;3.10;3.50;;751667206037;HST
High Tea Blunt Wraps Blueberry;TOBACCO;3.10;3.50;;751667206433;HST
High Speed Ultra Quiet HX64;ELECTRONICS;34.99;39.54;;6942007652650;HST
HERSHEYS MILK CANDY,GUMS & CHOCOLATES;CANDY,GUMS & CHOCOLATES;2.87;3.24;;05663135;HST
HERSHEYS COOKIES & CRACKERS N CREME S;CANDY,GUMS & CHOCOLATES;2.87;3.24;;06811307;HST
Hello Panda;GROCERY;1.00;1.13;;072320700403;HST
Hellmans Mayo 340 ML;GROCERY;7.99;9.03;;068400508656;HST
Heineken Bottle 330ml;Beer;3.11;3.50;;072890000224;HST
Heineken 6pk;Beer;21.39;24.09;;072890004758;HST
Heineken 6* 330Ml Bottle;Beer;17.50;19.78;;2890000033;HST
Heineken 500ml;Beer;3.59;4.04;;072890000026;HST
GAIN ORIGINAL DRYER SHEET;HEALTH & BEAUTY;4.99;5.64;;037000823650;HST
gain original;GENERAL ITEMS;6.99;7.90;;030772225813;HST
Gain laundry liquid;HEALTH & BEAUTY;9.99;11.29;;037000769545;HST
EXCEL POLAR;CHIPS & SNACKS;2.21;2.50;;064900000447;HST
EXCEL;CANDY,GUMS & CHOCOLATES;2.21;2.50;;064900000324;HST
Eska;GROCERY;2.66;3.01;;671785100034;HST
Equate Nail Polish Remover;HEALTH & BEAUTY;5.75;6.50;;627735010373;HST
Ensure Reg;DRINKS;3.31;3.74;;055325004127;HST
maximum ice 473 ml;Beer;3.09;3.48;;062067333538;HST
Matinee subtle KS 25;TOBACCO;21.00;23.73;;059300010585;HST
Matinee Subtle KS 20;TOBACCO;18.58;21.00;;059300010561;HST
Matinee mellow KS 25;TOBACCO;23.01;26.00;;059300004423;HST
match king size;TOBACCO;12.17;13.75;;779186000936;HST
match chic  king size;TOBACCO;12.17;13.75;;779186000998;HST
Match Chic 25 K Caton;TOBACCO;95.58;108.01;;779186001001;HST
Match Chic 20 K;TOBACCO;95.58;108.01;;779186002060;HST
Match Chic 20;TOBACCO;9.74;11.01;;779186002053;HST
Match 25 K Carton;TOBACCO;95.58;108.01;;779186000943;HST
Match 20 K Carton;TOBACCO;95.58;108.01;;779186002039;HST
Match 20;TOBACCO;9.74;11.01;;779186002022;HST
MARS;CANDY,GUMS & CHOCOLATES;2.20;2.49;;058496328733;HST
MARLBORO SMOOTH;TOBACCO;13.72;15.50;;059300063635;HST
MARLBORO 25 KS;TOBACCO;16.59;18.75;;059300061709;HST
MARLBORO 20;TOBACCO;13.72;15.50;;059300061693;HST
Maria Christina;Wine;19.50;22.01;;063657047378;HST
Michelob Ultra;Beer;22.18;24.99;;062067547539;HST
michelob ultra;ALCOHOL;3.49;3.94;;062067547355;HST
Meta pipe 50;HEALTH & BEAUTY;4.99;5.64;;088169002554;HST
Mentos fruit;CANDY,GUMS & CHOCOLATES;1.99;2.25;;073390000165;HST
MENTOS CINNAMONSTAIN SOFT BATHROOM TISSU;GROCERY;2.99;3.38;;771913677282;HST
MEMTOS MINT;CANDY,GUMS & CHOCOLATES;1.99;2.25;;073390000110;HST
Melona strawberry;Ice cream;2.49;2.81;;8801104948418;HST
Melona Icecream;Ice cream;2.49;2.81;;8801104943635;HST
Mega Sandwich;ICE CREAMS;1.99;2.25;;774276118126;HST
MAYNARDS SOUR PATCH KIDS 60G;CANDY,GUMS & CHOCOLATES;2.21;2.50;;057700221921;HST
MAYNARDS FUZZY PEACH 64G;CANDY,GUMS & CHOCOLATES;2.21;2.50;;057700215876;HST
Jumbo Hamburger Bun;BAKERY;5.49;6.20;;055742576344;HST
JUMBO COTTON BALLS;HEALTH & BEAUTY;1.99;2.25;;059338125077;HST
juicy fruit original;CANDY,GUMS & CHOCOLATES;2.21;2.50;;064900409653;HST
Jameson Whiskey Lemonade;R.T.D.;3.99;4.50;;080432001424;HST
james ready 6 473 ml;Beer;2.61;2.95;;776029703085;HST
jackson-Triggs Pinot Grigio;Wine;13.30;15.00;;063657011836;HST
JACKSON TRIGGS MERLOT;Wine;13.30;15.00;;063657007112;HST
Jackson triggs 750;Wine;13.30;15.00;;063657005347;HST
Jackson Triggs 1.5l;Wine;20.65;23.31;;063657036563;HST
JACK LIKS PEPPRONI 22G HOT;CANDY,GUMS & CHOCOLATES;1.39;1.57;;017082879011;HST
JACK LIKS PEPPRONI 22G;CANDY,GUMS & CHOCOLATES;1.33;1.50;;017082879035;HST
IQOS IIUMA ONE PEBBLE BEIGE;TOBACCO;50.99;57.62;;061900497239;HST
Ven Dens Cable;Electronics - My top gift;12.99;14.68;;5056594153153;HST
Ven Dens cable;Electronics - My top gift;10.99;12.42;;5056594152125;HST
Ven Dens Adapter;Electronics - My top gift;37.99;42.93;;5056594115120;HST
Ven Dens Adapter;Electronics - My top gift;20.99;23.72;;5056594114888;HST
Ven Dens Adapter;Electronics - My top gift;17.99;20.33;;5056594172246;HST
Ven Dens;Electronics - My top gift;12.99;14.68;;5060674507446;HST
VEGGIE ORIGINAL;CHIPS;3.79;4.28;;829515308582;HST
VB Lighter;LIGHTER;3.99;4.51;;705833099633;HST
VASELINE UV 100 ML;HEALTH & BEAUTY;3.99;4.51;;8901030669125;HST
VASELINE BLUESEAL;HEALTH & BEAUTY;2.99;3.38;;60014399;HST
Van Dens Power bank;Electronics - My top gift;27.99;31.63;;5056594152088;HST
Van dens Power bank;Electronics - My top gift;22.99;25.98;;5056594171195;HST
Van Dens Earphones;Electronics - My top gift;8.99;10.16;;5060674508870;HST
Van Dens Earphones;Electronics - My top gift;9.99;11.29;;5060674507361;HST
Van dens earphones;Electronics - My top gift;12.99;14.68;;5060674507675;HST
Van Dens Earphones;Electronics - My top gift;15.99;18.07;;5056594152132;HST
VAGGIE ORIG.;CHIPS;3.99;4.51;;829515301378;HST
USB-C Earphones;cell phone accesroies;11.99;13.55;;197111058195;HST
USB C TYPE CABLE TECO;ELECTRONICS;9.99;11.29;;197190301625;HST
Uni blue air freshner;GROCERY;3.99;4.51;;6287508115564;HST
Uncle Rays Ripple 130g;CHIPS & SNACKS;2.50;2.83;;614156061510;HST
Uncle Rays potato CHIPS & SNACKS 130g;CHIPS & SNACKS;2.50;2.83;;614156061503;HST
Uncle Rays BBQ CHIPS & SNACKS 130g;CHIPS & SNACKS;2.50;2.83;;614156061527;HST
Ultra thin HOCO HX 65;ELECTRONICS;26.99;30.50;;6942007652667;HST
Type C cable;ELECTRONICS;9.99;11.29;;197190301632;HST
Tylenol Extra strength ez tabs;HEALTH & BEAUTY;7.99;9.03;;064541301378;HST
KINDER EGG;CANDY,GUMS & CHOCOLATES;2.25;2.54;;06202644;HST
Kinder Chocolate;CANDY,GUMS & CHOCOLATES;1.76;1.99;;06202343;HST
KINDER BUENO;CANDY,GUMS & CHOCOLATES;2.99;3.38;;062020000682;HST
Kikkoman Soy Sauce;GROCERY;7.99;9.03;;041390001055;HST
KEY CUT;OTHER;4.00;4.52;;24185;HST
ket;CHIPS & SNACKS;2.19;2.47;;060410042526;HST
ARTIC VIBE;DRINKS;4.99;5.64;;889392001877;HST
Arm and Hammer Baking soda;GROCERY NO TAX;2.99;2.99;;065333001100;NoTax
Kalas sea salt;GROCERY NO TAX;2.99;2.99;;061308400107;NoTax
Tylenol extra carry on;GROCERY NO TAX;6.00;6.00;;062600141118;NoTax
UNICO VEGITABLE OIL 3LT.;GROCERY NO TAX;11.99;11.99;;067800001026;NoTax
IP PASTA;GROCERY NO TAX;4.99;4.99;;068062021746;NoTax
Instant 30X;;30.00;30.00;;627925000771;NoTax
Maxwell Original;GROCERY NO TAX;8.99;8.99;;066188004698;NoTax
Margerine;GROCERY NO TAX;5.00;5.00;;059950300159;NoTax
Ensure Protien Drink Chocolate;DRINKS NO TAX;3.75;3.75;;055325004295;NoTax
Ensure Protein Drink Vanilla;DRINKS NO TAX;3.75;3.75;;055325004288;NoTax
Ensure Protein Drink Strawberry;DRINKS NO TAX;3.75;3.75;;055325004301;NoTax
Ensure drink;GROCERY NO TAX;3.75;3.75;;055325004011;NoTax
ensure 50%less sugar;GROCERY NO TAX;3.75;3.75;;055325002178;NoTax
Eggs 12 Large;GENERAL NO TAX;5.00;5.00;;065651000021;NoTax
egg burnbrae 12;GROCERY NO TAX;4.99;4.99;;065651000052;NoTax
Dippity;GROCERY NO TAX;6.00;6.00;;067545029217;NoTax
bingo doubler 5;;5.00;5.00;;804906005042;NoTax
bingo 10$;;10.00;10.00;;804906010077;NoTax
Bingo $3;;3.00;3.00;;804906003017;NoTax
bigger spin;;10.00;10.00;;804906010060;NoTax
big spin 5;;5.00;5.00;;804906005059;NoTax
big money pay day 30;;30.00;30.00;;804906030013;NoTax
Brioche Bun;GROCERY NO TAX;4.50;4.50;;059243002302;NoTax
Axe 48H;GROCERY NO TAX;4.99;4.99;;079400412935;NoTax
BOTTLE DEPOSIT;GENERAL NO TAX;0.10;0.10;;24348;NoTax
DEBIT CARD FEES;GENERAL NO TAX;0.25;0.25;;24188;NoTax
DEMPSTERS WHITE;GROCERY NO TAX;3.50;3.50;;068721002222;NoTax
crossword trilpler 5;;5.00;5.00;;804906005035;NoTax
Crossword $3;;3.00;3.00;;804906003024;NoTax
cross word 10$;;10.00;10.00;;804906010084;NoTax
Corned Beef 340g;GENERAL NO TAX;5.99;5.99;;055270961100;NoTax
Coffee Cream 1L;DAIRY PRODUCTS;4.99;4.99;;064420002389;NoTax
COCONUT WATER 500UNI;DRINKS NO TAX;3.50;3.50;;055270833773;NoTax
CL CHUNK LIGHT TUNA;GROCERY NO TAX;3.99;3.99;;061362434704;NoTax
Christie Chips Ahoy;GROCERY NO TAX;4.50;4.50;;066721006233;NoTax
CHOCC;GROCERY NO TAX;2.50;2.50;;06796038;NoTax
NESTLE 1L;WATER;3.00;3.00;;068274000072;NoTax
Nestle Parlour Vanilla;DAIRY PRODUCTS;7.50;7.50;;055000893053;NoTax
Nestle Parlour French Vanille;DAIRY PRODUCTS;7.50;7.50;;055000893008;NoTax
NESTLE BUTTERSCOTH SUNDAE;DAIRY PRODUCTS;7.50;7.50;;055000892964;NoTax
Nestea;DRINKS NO TAX;2.50;2.50;;990484000101;NoTax
Chap Ice;GROCERY NO TAX;6.00;6.00;;008130010128;NoTax
Nescafe Rich;GROCERY NO TAX;9.50;9.50;;055000008815;NoTax
Nescafe Gold;GROCERY NO TAX;13.00;13.00;;055000383998;NoTax
Nescafe;GROCERY NO TAX;9.99;9.99;;055000489256;NoTax
Naya 500 ml;WATER;1.50;1.50;;057379105010;NoTax
NAYA 1.5L;WATER;3.00;3.00;;057379121058;NoTax
MR. GENERAL ITEMSS SPICY BEEF;GROCERY NO TAX;1.00;1.00;;059491000785;NoTax
Mr GENERAL ITEMS spcy chicken;GROCERY NO TAX;2.00;2.00;;059491002550;NoTax
Mr GENERAL ITEMS pack spicy chicken;GROCERY NO TAX;1.00;1.00;;059491000778;NoTax
Mr GENERAL ITEMS pack chicken;GROCERY NO TAX;1.00;1.00;;059491000501;NoTax
Mr GENERAL ITEMS pack beef;GROCERY NO TAX;1.00;1.00;;059491000358;NoTax
Mr GENERAL ITEMS chicken;GROCERY NO TAX;2.00;2.00;;059491002505;NoTax
money multiplier;;2.00;2.00;;804906002010;NoTax
MONEY MACHINE $5;;5.00;5.00;;804906005073;NoTax
Lancia Fusilli;GROCERY NO TAX;2.50;2.50;;064200130585;NoTax
Cheerios;GENERAL NO TAX;5.50;5.50;;065633234512;NoTax
Chcken Vienna Sausages 130g;GROCERY NO TAX;2.50;2.50;;05527241;NoTax
cash in 10;;10.00;10.00;;804906010039;NoTax
cash for life;;4.00;4.00;;804906004014;NoTax
Carnation evaporated Milk 354ml;GROCERY NO TAX;2.99;2.99;;059000003115;NoTax
Allens apple juice 200ml;DRINKS NO TAX;1.00;1.00;;056412700014;NoTax
Advil 10 Tablets;GROCERY NO TAX;5.99;5.99;;062107004015;NoTax
649/POK/.MEGA.LIG/.GRAND;;4.00;4.00;;2280550004002;NoTax
649/OKER;;3.00;3.00;;2280550003005;NoTax
30 crossword;;30.00;30.00;;804906030020;NoTax
2 DRAW 649;;14.00;14.00;;2280550014001;NoTax
Tea bag;GENERAL NO TAX;8.99;8.99;;059749938747;NoTax
$50 K;;50.00;50.00;;804906050011;NoTax
$5 ONTARIO;;5.00;5.00;;2280550005009;NoTax
$15/ 649;;15.00;15.00;;2280550015008;NoTax
,R.GENERAL ITEMSS SPICY CHICKEN KIMCHI;GROCERY NO TAX;2.00;2.00;;059491002819;NoTax
Tetley Green Tea;GROCERY NO TAX;4.99;4.99;;057174024417;NoTax
Super $20;;20.00;20.00;;804906020014;NoTax
Soy Sauce;GROCERY NO TAX;2.50;2.50;;667888242337;NoTax
SMART WATER 591ML Water;WATER;3.00;3.00;;786162650351;NoTax
SIFTO FALT;GROCERY NO TAX;2.75;2.75;;067568110800;NoTax
Shakti Coconut oil;GROCERY NO TAX;9.99;9.99;;828158272557;NoTax
sealtest 2%;DAIRY PRODUCTS;3.99;3.99;;064420000798;NoTax
power up;;5.00;5.00;;804906005028;NoTax
Roulette $3;;3.00;3.00;;804906003055;NoTax
Redpath sugar cubes;GROCERY NO TAX;4.99;4.99;;062847814363;NoTax
Redpath sugar;GROCERY NO TAX;5.50;5.50;;062847210233;NoTax
POKER /LOTARIO/TOP/649;;1.00;1.00;;2280550001001;NoTax
POK.MEGA.WHEE.LIGH.LOTARIO;;2.00;2.00;;2280550002008;NoTax
plinko 5;;5.00;5.00;;804906005066;NoTax
Qtips small;GROCERY NO TAX;4.99;4.99;;305219051004;NoTax
Pepto Bismol 100ML;GROCERY NO TAX;7.00;7.00;;301490002674;NoTax
POKER LOTTO;;9.00;9.00;;2280550009007;NoTax
primo thick and zesty;GROCERY NO TAX;3.50;3.50;;055900006621;NoTax
Primo Spaghettini;GROCERY NO TAX;2.50;2.50;;055900000322;NoTax
Primo Elbows 454g;GROCERY NO TAX;2.50;2.50;;055900000346;NoTax
PALLMALL SMOOTH KS25;GROCERY NO TAX;18.00;18.00;;059300024810;NoTax
PALL MALL SPECIAL XL FULL 20;GROCERY NO TAX;14.50;14.50;;059300053339;NoTax
PALL MALL SMOOTH KS RG;GROCERY NO TAX;18.00;18.00;;059300054879;NoTax
PALL MALL FULLM KS;GROCERY NO TAX;18.00;18.00;;059300024773;NoTax
PALL MALL FULL RG 20;GROCERY NO TAX;14.50;14.50;;059300024742;NoTax
PALL MALL FULL KS 20;GROCERY NO TAX;14.50;14.50;;059300024766;NoTax
PALL MALL BOLD KS25;GROCERY NO TAX;18.00;18.00;;059300027798;NoTax
Pall Mall bold;GROCERY NO TAX;14.50;14.50;;059300027781;NoTax
PALL MALL SMOOTH RG 20;GROCERY NO TAX;14.50;14.50;;059300024780;NoTax
PALL MALL SMOOTH KS 20;GROCERY NO TAX;14.50;14.50;;059300024803;NoTax
ORVILLE EXTRA BUTTER;GROCERY NO TAX;1.99;1.99;;058807485247;NoTax
ORVILLE BUTTER;GROCERY NO TAX;1.69;1.69;;058807489092;NoTax
OREO THE ORIGINAL 270G;GROCERY NO TAX;4.99;4.99;;066721026590;NoTax
Oreo Puffs;GROCERY NO TAX;5.50;5.50;;628154458197;NoTax
Oreo Golden;GROCERY NO TAX;4.50;4.50;;066721026613;NoTax
OCEAN SPRAY CANNEBERY;GROCERY NO TAX;5.99;5.99;;031200046079;NoTax
LOTTO MAX$10;;10.00;10.00;;2280550010003;NoTax
LOTTO MAX $25;;25.00;25.00;;2280550025007;NoTax
LOTTO MAX $18.00;;18.00;18.00;;2280550018009;NoTax
LOTTO 649 $31;;31.00;31.00;;2280550031008;NoTax
LOTTO 649 $19;;19.00;19.00;;2280550019006;NoTax
LOTTO 649 $13;;13.00;13.00;;2280550013004;NoTax
LOTO MAX 2 DRAW.$22;;22.00;22.00;;2280550022006;NoTax
LOTO MAX $30;;30.00;30.00;;2280550030001;NoTax
LOT, MAX 10 DRAW.$50;;50.00;50.00;;2280550050009;NoTax
Luncheon Meat 340g;GROCERY NO TAX;3.50;3.50;;623190810404;NoTax
LD LIGHTER;GENERAL NO TAX;3.00;3.00;;060100043963;NoTax
Windsor Table Salt;GROCERY NO TAX;2.99;2.99;;066010001055;NoTax
Wild Pink Salmon;GROCERY NO TAX;5.99;5.99;;065302000035;NoTax
Visine original;GROCERY NO TAX;9.00;9.00;;060245405350;NoTax
FIJI 500ml water;WATER;2.50;2.50;;632565000159;NoTax
frenchs ketchup;GROCERY NO TAX;5.99;5.99;;056200926466;NoTax
Fob;GENERAL NO TAX;25.00;25.00;;24564;NoTax
Great Value 500ml Water;WATER;1.00;1.00;;605388881243;NoTax
Water kirkland;WATER;1.00;1.00;;096619321841;NoTax
Fujian Black tea;GROCERY NO TAX;2.99;2.99;;6901118888013;NoTax
TWINKIES;GROCERY NO TAX;2.50;2.50;;777550011649;NoTax
Tim Hortons;GROCERY NO TAX;15.99;15.99;;063209082277;NoTax
Tetley Orange Pekoe;GROCERY NO TAX;5.99;5.99;;057174122137;NoTax
POKER LIGHT/LOTTO MAX;LOTTERY;6.00;6.00;;2280550006006;NoTax
649 $7.00;LOTTERY;7.00;7.00;;2280550007003;NoTax
649/LIGHTING LOTTO;LOTTERY;8.00;8.00;;2280550008000;NoTax
11 $LOTTO MAX;LOTTERY;11.00;11.00;;2280550011000;NoTax
$12 LOTTO MAX;LOTTERY;12.00;12.00;;2280550012007;NoTax
$20 LOTTO MAX.2 DRA;LOTTERY;20.00;20.00;;2280550020002;NoTax
