Barcode,SKU,Product Name,Brand,Product Line,Flavour,Type,Nicotine,E-liquid (mL),Price (ex tax),Price (incl HST),Supplier Cost,Margin %,Category,Added,Data Flags
810014087009,YV-23649,ALLO Ultra 10K Pod Blue Raspberry,ALLO,Ultra 10K Pod,Blue Raspberry,Replacement Pod,20 mg/mL,8,18.99,21.46,,,VAPE & CIGAR,2026-09-14,
810014086996,YV-23648,ALLO Ultra 10K Pod Blueberry Ice,ALLO,Ultra 10K Pod,Blueberry Ice,Replacement Pod,20 mg/mL,8,18.99,21.46,,,VAPE & CIGAR,2026-09-14,
810014087030,YV-23647,ALLO Ultra 10K Pod Grape Ice,ALLO,Ultra 10K Pod,Grape Ice,Replacement Pod,20 mg/mL,8,18.99,21.46,,,VAPE & CIGAR,2026-09-14,
810014087047,YV-23646,ALLO Ultra 10K Pod Juicy Mango,ALLO,Ultra 10K Pod,Juicy Mango,Replacement Pod,20 mg/mL,8,18.99,21.46,,,VAPE & CIGAR,2026-09-14,
810014087061,YV-23644,ALLO Ultra 10K Pod Peach,ALLO,Ultra 10K Pod,Peach,Replacement Pod,20 mg/mL,8,18.99,21.46,,,VAPE & CIGAR,2026-09-14,
810014087092,YV-23645,ALLO Ultra 10K Pod Spearmint,ALLO,Ultra 10K Pod,Spearmint,Replacement Pod,20 mg/mL,8,18.99,21.46,,,VAPE & CIGAR,2026-09-14,
810014087122,YV-23650,ALLO Ultra 10K Pod Watermelon Ice,ALLO,Ultra 10K Pod,Watermelon Ice,Replacement Pod,20 mg/mL,8,18.99,21.46,18.93,0,VAPE & CIGAR,2026-09-14,
810014088464,YV-23661,ALLO Ultra 10K Prefilled Pod Blueberry Ice,ALLO,Ultra 10K Prefilled Pod,Blueberry Ice,Replacement Pod,20 mg/mL,8,26.00,29.38,,,VAPE & CIGAR,2026-09-14,
810014085920,YV-23662,ALLO Ultra 10K Prefilled Pod Grape Ice,ALLO,Ultra 10K Prefilled Pod,Grape Ice,Replacement Pod,20 mg/mL,8,26.00,29.38,,,VAPE & CIGAR,2026-09-14,
810014085937,YV-23659,ALLO Ultra 10K Prefilled Pod Juicy Mango,ALLO,Ultra 10K Prefilled Pod,Juicy Mango,Replacement Pod,20 mg/mL,8,26.00,29.38,,,VAPE & CIGAR,2026-09-14,
810014085968,YV-23660,ALLO Ultra 10K Prefilled Pod Pineapple Ice,ALLO,Ultra 10K Prefilled Pod,Pineapple Ice,Replacement Pod,20 mg/mL,8,26.00,29.38,,,VAPE & CIGAR,2026-09-14,
810014086019,YV-23663,ALLO Ultra 10K Prefilled Pod Watermelon Ice,ALLO,Ultra 10K Prefilled Pod,Watermelon Ice,Replacement Pod,20 mg/mL,8,26.00,29.38,18.93,27,VAPE & CIGAR,2026-09-14,
827152097838,YV-23654,ALLO Ultra 2500 Banana Ice,ALLO,Ultra 2500,Banana Ice,Disposable,20 mg/mL,8,25.99,29.37,,,VAPE & CIGAR,2026-09-14,
827152097814,YV-23652,ALLO Ultra 2500 Blueberry Ice,ALLO,Ultra 2500,Blueberry Ice,Disposable,20 mg/mL,8,25.99,29.37,,,VAPE & CIGAR,2026-09-14,
827152097968,YV-23651,ALLO Ultra 2500 Grape Ice,ALLO,Ultra 2500,Grape Ice,Disposable,20 mg/mL,8,25.99,29.37,,,VAPE & CIGAR,2026-09-14,
827152098002,YV-23656,ALLO Ultra 2500 Lemon Lime Cranberry,ALLO,Ultra 2500,Lemon Lime Cranberry,Disposable,20 mg/mL,8,25.99,29.37,,,VAPE & CIGAR,2026-09-14,
827152097982,YV-23655,ALLO Ultra 2500 Lychee Ice,ALLO,Ultra 2500,Lychee Ice,Disposable,20 mg/mL,8,25.99,29.37,,,VAPE & CIGAR,2026-09-14,
827152098019,YV-23657,ALLO Ultra 2500 Mixed Berry,ALLO,Ultra 2500,Mixed Berry,Disposable,20 mg/mL,8,25.99,29.37,,,VAPE & CIGAR,2026-09-14,
827152098033,YV-23653,ALLO Ultra 2500 Orange Mango Guava,ALLO,Ultra 2500,Orange Mango Guava,Disposable,20 mg/mL,8,25.99,29.37,,,VAPE & CIGAR,2026-09-14,
827152098170,YV-23658,ALLO Ultra 2500 Watermelon Ice,ALLO,Ultra 2500,Watermelon Ice,Disposable,20 mg/mL,8,25.99,29.37,20.45,21,VAPE & CIGAR,2026-09-14,
5061106551426,YV-23703,Al Fakher 75K Blue Razz,Al Fakher,75K,Blue Razz,Disposable,20 mg/mL,25,43.99,49.71,,,VAPE & CIGAR,2026-09-14,
5061106551211,YV-23700,Al Fakher 75K Blueberry Ice,Al Fakher,75K,Blueberry Ice,Disposable,20 mg/mL,25,43.99,49.71,,,VAPE & CIGAR,2026-09-14,
5061106551341,YV-23702,Al Fakher 75K Two Apple,Al Fakher,75K,Two Apple,Disposable,20 mg/mL,25,43.99,49.71,,,VAPE & CIGAR,2026-09-14,
5061106551631,YV-23701,Al Fakher 75K Watermelon Kiwi,Al Fakher,75K,Watermelon Kiwi,Disposable,20 mg/mL,25,43.99,49.71,,,VAPE & CIGAR,2026-09-14,
810132651014,YV-23745,Breeze 4K Apple Cranberry,Breeze,4K,Apple Cranberry,Disposable,20 mg/mL,,29.99,33.89,,,VAPE & CIGAR,2026-09-15,
810132651076,YV-23744,Breeze 4K Strawberry Pineapple Ice,Breeze,4K,Strawberry Pineapple Ice,Disposable,20 mg/mL,,29.99,33.89,,,VAPE & CIGAR,2026-09-15,
810132654848,YV-23742,Breeze 6K Mango,Breeze,6K,Mango,Disposable,20 mg/mL,,31.99,36.15,,,VAPE & CIGAR,2026-09-15,
810132654787,YV-23743,Breeze 6K Mint,Breeze,6K,Mint,Disposable,20 mg/mL,,31.99,36.15,,,VAPE & CIGAR,2026-09-15,
827152215126,YV-23695,Drip'n 16K Blue Razz,Drip'n,16K,Blue Razz,Disposable,20 mg/mL,8,24.00,27.12,,,VAPE & CIGAR,2026-09-14,
827152215133,YV-23699,Drip'n 16K Electric Fruit Blast,Drip'n,16K,Electric Fruit Blast,Disposable,20 mg/mL,8,24.00,27.12,,,VAPE & CIGAR,2026-09-14,
827152215140,YV-23697,Drip'n 16K Grape Ice,Drip'n,16K,Grape Ice,Disposable,20 mg/mL,8,24.00,27.12,,,VAPE & CIGAR,2026-09-14,
827152215164,YV-23696,Drip'n 16K Mango Peach,Drip'n,16K,Mango Peach,Disposable,20 mg/mL,8,24.00,27.12,,,VAPE & CIGAR,2026-09-14,
827152215188,YV-23698,Drip'n 16K Raspberry Peach Mango Ice,Drip'n,16K,Raspberry Peach Mango Ice,Disposable,20 mg/mL,8,24.00,27.12,,,VAPE & CIGAR,2026-09-14,
827152215201,YV-23694,Drip'n 16K Triple Berry,Drip'n,16K,Triple Berry,Disposable,20 mg/mL,8,24.00,27.12,18.95,21,VAPE & CIGAR,2026-09-14,
6941976205423,YV-23705,Elf Bar BC Pro 80K Double Mango,Elf Bar,BC Pro 80K,Double Mango,Disposable,20 mg/mL,25,43.99,49.71,,,VAPE & CIGAR,2026-09-14,
6941976205430,YV-23704,Elf Bar BC Pro 80K Grape Ice,Elf Bar,BC Pro 80K,Grape Ice,Disposable,20 mg/mL,25,43.99,49.71,,,VAPE & CIGAR,2026-09-14,
6941976205652,YV-23706,Elf Bar BC Pro 80K Peach Mango Watermelon,Elf Bar,BC Pro 80K,Peach Mango Watermelon,Disposable,20 mg/mL,25,43.99,49.71,,,VAPE & CIGAR,2026-09-14,
6941976205669,YV-23707,Elf Bar BC Pro 80K Pineapple Mango,Elf Bar,BC Pro 80K,Pineapple Mango,Disposable,20 mg/mL,25,43.99,49.71,,,VAPE & CIGAR,2026-09-14,
6941976245368,YV-23719,Elf Bar FS70K Banana Ice,Elf Bar,FS70K,Banana Ice,Disposable,20 mg/mL,20,38.99,44.06,22.93,41,VAPE & CIGAR,2026-09-14,
6941976245382,YV-23720,Elf Bar FS70K Coconut Strawberry Ice,Elf Bar,FS70K,Coconut Strawberry Ice,Disposable,20 mg/mL,20,38.99,44.06,,,VAPE & CIGAR,2026-09-14,
6932570167156,YV-23723,Elf Bar FS70K Double Mango,Elf Bar,FS70K,Double Mango,Disposable,20 mg/mL,20,38.99,44.06,,,VAPE & CIGAR,2026-09-14,
6941976245399,YV-23716,Elf Bar FS70K Kiwi Passion Fruit Guava Ice,Elf Bar,FS70K,Kiwi Passion Fruit Guava Ice,Disposable,20 mg/mL,20,38.99,44.06,23.43,40,VAPE & CIGAR,2026-09-14,
6941976245405,YV-23724,Elf Bar FS70K Mango Ice,Elf Bar,FS70K,Mango Ice,Disposable,20 mg/mL,20,38.99,44.06,22.93,41,VAPE & CIGAR,2026-09-14,
6932570167170,YV-23727,Elf Bar FS70K Mango Peach Watermelon,Elf Bar,FS70K,Mango Peach Watermelon,Disposable,20 mg/mL,20,38.99,44.06,,,VAPE & CIGAR,2026-09-14,
6941976245412,YV-23718,Elf Bar FS70K Miami Mint,Elf Bar,FS70K,Miami Mint,Disposable,20 mg/mL,20,38.99,44.06,22.93,41,VAPE & CIGAR,2026-09-14,
6941976245429,YV-23725,Elf Bar FS70K Peach,Elf Bar,FS70K,Peach,Disposable,20 mg/mL,20,38.99,44.06,,,VAPE & CIGAR,2026-09-14,
6932570167194,YV-23721,Elf Bar FS70K Peach Ice,Elf Bar,FS70K,Peach Ice,Disposable,20 mg/mL,20,38.99,44.06,,,VAPE & CIGAR,2026-09-14,
6941976245436,YV-23717,Elf Bar FS70K Pineapple Peach Mango Ice,Elf Bar,FS70K,Pineapple Peach Mango Ice,Disposable,20 mg/mL,20,38.99,44.06,22.93,41,VAPE & CIGAR,2026-09-14,
6941976245511,YV-23722,Elf Bar FS70K Strawberry Banana Ice,Elf Bar,FS70K,Strawberry Banana Ice,Disposable,20 mg/mL,20,38.99,44.06,23.43,40,VAPE & CIGAR,2026-09-14,
6932570167224,YV-23726,Elf Bar FS70K Watermelon Ice,Elf Bar,FS70K,Watermelon Ice,Disposable,20 mg/mL,20,38.99,44.06,22.93,41,VAPE & CIGAR,2026-09-14,
6932570114136,YV-23710,Elf Bar GH20K Berry Blast,Elf Bar,GH20K,Berry Blast,Disposable,20 mg/mL,20,35.99,40.67,,,VAPE & CIGAR,2026-09-14,
6937080563634,YV-23711,Elf Bar GH20K Blue Razz Ice,Elf Bar,GH20K,Blue Razz Ice,Disposable,20 mg/mL,20,35.99,40.67,26.43,27,VAPE & CIGAR,2026-09-14,
6937080563658,YV-23714,Elf Bar GH20K Grape Ice,Elf Bar,GH20K,Grape Ice,Disposable,20 mg/mL,20,35.99,40.67,26.43,27,VAPE & CIGAR,2026-09-14,
6937080563672,YV-23712,Elf Bar GH20K Ice Mint,Elf Bar,GH20K,Ice Mint,Disposable,20 mg/mL,20,35.99,40.67,26.43,27,VAPE & CIGAR,2026-09-14,
6937080563696,YV-23708,Elf Bar GH20K Peach Mango Watermelon,Elf Bar,GH20K,Peach Mango Watermelon,Disposable,20 mg/mL,20,35.99,40.67,26.43,27,VAPE & CIGAR,2026-09-14,
6932570126733,YV-23709,Elf Bar GH20K Sour Blueberry Lemon,Elf Bar,GH20K,Sour Blueberry Lemon,Disposable,20 mg/mL,20,35.99,40.67,26.43,27,VAPE & CIGAR,2026-09-14,
6942565218015,YV-23713,Elf Bar GH20K Strawberry Kiwi Ice,Elf Bar,GH20K,Strawberry Kiwi Ice,Disposable,20 mg/mL,20,35.99,40.67,26.43,27,VAPE & CIGAR,2026-09-14,
6942565218008,YV-23715,Elf Bar GH20K Watermelon Ice,Elf Bar,GH20K,Watermelon Ice,Disposable,20 mg/mL,20,35.99,40.67,26.43,27,VAPE & CIGAR,2026-09-14,
827152245475,YV-23746,Flavour Beast 60K,Flavour Beast,60K,,Disposable,20 mg/mL,20,32.99,37.28,,,VAPE & CIGAR,2026-09-15,flavour missing from the product name; duplicate product name
827152245451,YV-23747,Flavour Beast 60K,Flavour Beast,60K,,Disposable,20 mg/mL,20,32.99,37.28,,,VAPE & CIGAR,2026-09-15,flavour missing from the product name; duplicate product name
827152178247,YV-23635,Flavour Beast Beast Mode Max 2 Frizzy Peach,Flavour Beast,Beast Mode Max 2,Frizzy Peach,Disposable,20 mg/mL,20,41.99,47.45,,,VAPE & CIGAR,2026-09-14,
827152178261,YV-23636,Flavour Beast Beast Mode Max 2 Mega Mango,Flavour Beast,Beast Mode Max 2,Mega Mango,Disposable,20 mg/mL,20,41.99,47.45,29.93,29,VAPE & CIGAR,2026-09-14,
827152178285,YV-23637,Flavour Beast Beast Mode Max 2 Pumped Up Pineapple,Flavour Beast,Beast Mode Max 2,Pumped Up Pineapple,Disposable,20 mg/mL,20,41.99,47.45,,,VAPE & CIGAR,2026-09-14,
827152197552,YV-23639,Flavour Beast Beast Mode Max 2 Super Spearmint,Flavour Beast,Beast Mode Max 2,Super Spearmint,Disposable,20 mg/mL,20,41.99,47.45,,,VAPE & CIGAR,2026-09-14,
827152237593,YV-23638,Flavour Beast Beast Mode Max 2 Watermelon Apple,Flavour Beast,Beast Mode Max 2,Watermelon Apple,Disposable,20 mg/mL,20,41.99,47.45,,,VAPE & CIGAR,2026-09-14,
827152197569,YV-23640,Flavour Beast Beast Mode Max 2 Watermelon G,Flavour Beast,Beast Mode Max 2,Watermelon G,Disposable,20 mg/mL,20,41.99,47.45,29.93,29,VAPE & CIGAR,2026-09-14,
6942108484280,YV-23677,Infinity Lean Grape,Infinity,Lean,Grape,Disposable,20 mg/mL,,27.99,31.63,,,VAPE & CIGAR,2026-09-14,
785034535390,YV-23728,Krave Pulse X 60K Blue Razz Lemon Head,Krave,Pulse X 60K,Blue Razz Lemon Head,Disposable,20 mg/mL,20,32.99,37.28,18.00,45,VAPE & CIGAR,2026-09-15,
785034535475,YV-23730,Krave Pulse X 60K Cherry Fizz,Krave,Pulse X 60K,Cherry Fizz,Disposable,20 mg/mL,20,32.99,37.28,,,VAPE & CIGAR,2026-09-15,
785034535413,YV-23733,Krave Pulse X 60K Cool Mint,Krave,Pulse X 60K,Cool Mint,Disposable,20 mg/mL,20,32.99,37.28,18.00,45,VAPE & CIGAR,2026-09-15,
785034535420,YV-23735,Krave Pulse X 60K Flippin Fruit Flash,Krave,Pulse X 60K,Flippin Fruit Flash,Disposable,20 mg/mL,20,32.99,37.28,,,VAPE & CIGAR,2026-09-15,
785034535444,YV-23731,Krave Pulse X 60K Green Apple Ice,Krave,Pulse X 60K,Green Apple Ice,Disposable,20 mg/mL,20,32.99,37.28,,,VAPE & CIGAR,2026-09-15,
785034535406,YV-23734,Krave Pulse X 60K Peachy Peach Ice,Krave,Pulse X 60K,Peachy Peach Ice,Disposable,20 mg/mL,20,32.99,37.28,,,VAPE & CIGAR,2026-09-15,
785034535468,YV-23732,Krave Pulse X 60K Slammin Strawberry Mango,Krave,Pulse X 60K,Slammin Strawberry Mango,Disposable,20 mg/mL,20,32.99,37.28,,,VAPE & CIGAR,2026-09-15,
785034535376,YV-23736,Krave Pulse X 60K Sour Fab Citrus Ice,Krave,Pulse X 60K,Sour Fab Citrus Ice,Disposable,20 mg/mL,20,32.99,37.28,,,VAPE & CIGAR,2026-09-15,
785034535383,YV-23729,Krave Pulse X 60K White Peach Lemon Head,Krave,Pulse X 60K,White Peach Lemon Head,Disposable,20 mg/mL,20,32.99,37.28,,,VAPE & CIGAR,2026-09-15,
827152130153,YV-23632,Level X Boost G2 Pod 25K,Level X,Boost G2 Pod 25K,,Replacement Pod,20 mg/mL,20,31.99,36.15,,,VAPE & CIGAR,2026-09-14,flavour missing from the product name
827152130337,YV-23629,Level X Boost G2 Pod 25K Blissed Blueberry Mint,Level X,Boost G2 Pod 25K,Blissed Blueberry Mint,Replacement Pod,20 mg/mL,20,31.99,36.15,,,VAPE & CIGAR,2026-09-14,
827152130238,YV-23634,Level X Boost G2 Pod 25K Drmy Dragonfruit Lychee,Level X,Boost G2 Pod 25K,Drmy Dragonfruit Lychee,Replacement Pod,20 mg/mL,20,31.99,36.15,,,VAPE & CIGAR,2026-09-14,
827152134120,YV-23631,Level X Boost G2 Pod 25K Epic Peach Mango,Level X,Boost G2 Pod 25K,Epic Peach Mango,Replacement Pod,20 mg/mL,20,31.99,36.15,,,VAPE & CIGAR,2026-09-14,
827152191680,YV-23633,Level X Boost G2 Pod 25K Strawberry Raspberry Blueberry,Level X,Boost G2 Pod 25K,Strawberry Raspberry Blueberry,Replacement Pod,20 mg/mL,20,31.99,36.15,21.93,31,VAPE & CIGAR,2026-09-14,
827152130269,YV-23628,Level X Boost G2 Pod 25K Super Sour Apple,Level X,Boost G2 Pod 25K,Super Sour Apple,Replacement Pod,20 mg/mL,20,31.99,36.15,21.93,31,VAPE & CIGAR,2026-09-14,
827152191710,YV-23630,Level X Boost G2 Pod 25K Watermelon Strawberry Kiwi,Level X,Boost G2 Pod 25K,Watermelon Strawberry Kiwi,Replacement Pod,20 mg/mL,20,31.99,36.15,21.93,31,VAPE & CIGAR,2026-09-14,
827152140640,YV-23642,Level X G2 Device,Level X,G2 Device,,Device,,,19.99,22.59,,,VAPE & CIGAR,2026-09-14,
827152191178,YV-23643,Level X G2 Pro Device,Level X,G2 Pro Device,,Device,,,19.99,22.59,,,VAPE & CIGAR,2026-09-14,
827152204441,YV-23671,Level X G2 Ultra 50K Bomb Blue Razz,Level X,G2 Ultra 50K,Bomb Blue Razz,Disposable,20 mg/mL,20,34.99,39.54,,,VAPE & CIGAR,2026-09-14,
827152199501,YV-23674,Level X G2 Ultra 50K Double Drgn Melon,Level X,G2 Ultra 50K,Double Drgn Melon,Disposable,20 mg/mL,20,34.99,39.54,,,VAPE & CIGAR,2026-09-14,
827152251056,YV-23676,Level X G2 Ultra 50K Drmy Dragonfruit Lychee,Level X,G2 Ultra 50K,Drmy Dragonfruit Lychee,Disposable,20 mg/mL,20,34.99,39.54,,,VAPE & CIGAR,2026-09-14,
827152217922,YV-23667,Level X G2 Ultra 50K Epic Peach Mango,Level X,G2 Ultra 50K,Epic Peach Mango,Disposable,20 mg/mL,20,34.99,39.54,,,VAPE & CIGAR,2026-09-14,
827152228911,YV-23673,Level X G2 Ultra 50K Epic Strawberry Peach,Level X,G2 Ultra 50K,Epic Strawberry Peach,Disposable,20 mg/mL,20,34.99,39.54,,,VAPE & CIGAR,2026-09-14,
827152216611,YV-23672,Level X G2 Ultra 50K Flavourless,Level X,G2 Ultra 50K,Flavourless,Disposable,20 mg/mL,20,34.99,39.54,,,VAPE & CIGAR,2026-09-14,
827152199518,YV-23670,Level X G2 Ultra 50K Frizzy Peach,Level X,G2 Ultra 50K,Frizzy Peach,Disposable,20 mg/mL,20,34.99,39.54,,,VAPE & CIGAR,2026-09-14,
827152199532,YV-23668,Level X G2 Ultra 50K Gleaming Grape Watermelon Mint,Level X,G2 Ultra 50K,Gleaming Grape Watermelon Mint,Disposable,20 mg/mL,20,34.99,39.54,,,VAPE & CIGAR,2026-09-14,
827152204540,YV-23675,Level X G2 Ultra 50K Gusto Green Apple,Level X,G2 Ultra 50K,Gusto Green Apple,Disposable,20 mg/mL,20,34.99,39.54,,,VAPE & CIGAR,2026-09-14,
827152204519,YV-23664,Level X G2 Ultra 50K Mad Mango Peach,Level X,G2 Ultra 50K,Mad Mango Peach,Disposable,20 mg/mL,20,34.99,39.54,,,VAPE & CIGAR,2026-09-14,
827152230129,YV-23666,Level X G2 Ultra 50K Peach Blue Razz Ice,Level X,G2 Ultra 50K,Peach Blue Razz Ice,Disposable,20 mg/mL,20,34.99,39.54,,,VAPE & CIGAR,2026-09-14,
827152216659,YV-23665,Level X G2 Ultra 50K Smooth Tobacco,Level X,G2 Ultra 50K,Smooth Tobacco,Disposable,20 mg/mL,20,34.99,39.54,,,VAPE & CIGAR,2026-09-14,
827152223893,YV-23669,Level X G2 Ultra 50K Spirit Ice,Level X,G2 Ultra 50K,Spirit Ice,Disposable,20 mg/mL,20,34.99,39.54,,,VAPE & CIGAR,2026-09-14,
827152295463,YV-23738,Level X M Series 120K Bomb Blue Razz,Level X,M Series 120K,Bomb Blue Razz,Disposable,20 mg/mL,30,46.99,53.10,,,VAPE & CIGAR,2026-09-15,
827152295517,YV-23741,Level X M Series 120K Flippin Fruit Flash,Level X,M Series 120K,Flippin Fruit Flash,Disposable,20 mg/mL,30,46.99,53.10,,,VAPE & CIGAR,2026-09-15,
827152295548,YV-23740,Level X M Series 120K Gusto Green Apple,Level X,M Series 120K,Gusto Green Apple,Disposable,20 mg/mL,30,46.99,53.10,,,VAPE & CIGAR,2026-09-15,
827152295616,YV-23739,Level X M Series 120K Trippin Triple Berry,Level X,M Series 120K,Trippin Triple Berry,Disposable,20 mg/mL,30,46.99,53.10,,,VAPE & CIGAR,2026-09-15,
827152295623,YV-23737,Level X M Series 120K Weekend Watermelon,Level X,M Series 120K,Weekend Watermelon,Disposable,20 mg/mL,30,46.99,53.10,,,VAPE & CIGAR,2026-09-15,
6937057518025,YV-23596,OVNS 2500 Blood Orange,OVNS,2500,Blood Orange,Disposable,20 mg/mL,2,17.70,20.00,11.50,35,VAPE & CIGAR,2026-09-14,
6937057525818,YV-23604,OVNS 2500 Blue Blast,OVNS,2500,Blue Blast,Disposable,20 mg/mL,2,17.70,20.00,11.50,35,VAPE & CIGAR,2026-09-14,
6937057501744,YV-23597,OVNS 2500 California Cherry,OVNS,2500,California Cherry,Disposable,20 mg/mL,2,17.70,20.00,,,VAPE & CIGAR,2026-09-14,
6937057501720,YV-23603,OVNS 2500 Dragon Fruit Blue Raspberry,OVNS,2500,Dragon Fruit Blue Raspberry,Disposable,20 mg/mL,2,17.70,20.00,11.00,38,VAPE & CIGAR,2026-09-14,
6937057501782,YV-23599,OVNS 2500 Flippin Fruit Nectar,OVNS,2500,Flippin Fruit Nectar,Disposable,20 mg/mL,2,17.70,20.00,,,VAPE & CIGAR,2026-09-14,
6937057501737,YV-23600,OVNS 2500 Mango Twist,OVNS,2500,Mango Twist,Disposable,20 mg/mL,2,17.70,20.00,11.50,35,VAPE & CIGAR,2026-09-14,
6937057501799,YV-23598,OVNS 2500 Mint Ice,OVNS,2500,Mint Ice,Disposable,20 mg/mL,2,17.70,20.00,11.00,38,VAPE & CIGAR,2026-09-14,
6937057501706,YV-23602,OVNS 2500 Strawberry Watermelon Ice,OVNS,2500,Strawberry Watermelon Ice,Disposable,20 mg/mL,2,17.70,20.00,,,VAPE & CIGAR,2026-09-14,
"6937057503472,6937057503120,6937057503113,6937057503564,6937057503526",YV-23613,OVNS 50K,OVNS,50K,,Disposable,20 mg/mL,,36.99,41.80,,,VAPE & CIGAR,2026-09-14,MULTIPLE barcodes in one field - split into separate products; flavour missing from the product name; duplicate product name
6937057503472,YV-23614,OVNS 50K,OVNS,50K,,Disposable,20 mg/mL,,36.99,41.80,,,VAPE & CIGAR,2026-09-14,flavour missing from the product name; duplicate product name
6973500745204,YV-23608,OVNS Max 3K Blue Razz Ice,OVNS,Max 3K,Blue Razz Ice,Disposable,20 mg/mL,2,23.99,27.11,14.25,41,VAPE & CIGAR,2026-09-14,
6937057525504,YV-23607,OVNS Max 3K Cherry Classic,OVNS,Max 3K,Cherry Classic,Disposable,20 mg/mL,2,23.99,27.11,,,VAPE & CIGAR,2026-09-14,
6937057504219,YV-23610,OVNS Max 3K Dragonfruit Blue Razz,OVNS,Max 3K,Dragonfruit Blue Razz,Disposable,20 mg/mL,2,23.99,27.11,,,VAPE & CIGAR,2026-09-14,
6973500745334,YV-23611,OVNS Max 3K Juicy Peach Ice,OVNS,Max 3K,Juicy Peach Ice,Disposable,20 mg/mL,2,23.99,27.11,,,VAPE & CIGAR,2026-09-14,
6937057511057,YV-23615,OVNS Max 3K Mexican Mango,OVNS,Max 3K,Mexican Mango,Disposable,20 mg/mL,2,23.99,27.11,14.25,41,VAPE & CIGAR,2026-09-14,
6937057504264,YV-23612,OVNS Max 3K Punch Ice,OVNS,Max 3K,Punch Ice,Disposable,20 mg/mL,2,23.99,27.11,,,VAPE & CIGAR,2026-09-14,
6937057504233,YV-23618,OVNS Max 3K Red Bull Watermelon Ice,OVNS,Max 3K,Red Bull Watermelon Ice,Disposable,20 mg/mL,2,23.99,27.11,,,VAPE & CIGAR,2026-09-14,
6973500745365,YV-23609,OVNS Max 3K Strawberry Peach Mint,OVNS,Max 3K,Strawberry Peach Mint,Disposable,20 mg/mL,2,23.99,27.11,14.25,41,VAPE & CIGAR,2026-09-14,
6937057511040,YV-23616,OVNS Max 3K Watermelon Pineapple,OVNS,Max 3K,Watermelon Pineapple,Disposable,20 mg/mL,2,23.99,27.11,,,VAPE & CIGAR,2026-09-14,
6973500745549,YV-23617,OVNS Max 3K White Grape Ice,OVNS,Max 3K,White Grape Ice,Disposable,20 mg/mL,2,23.99,27.11,14.25,41,VAPE & CIGAR,2026-09-14,
691768369753,YV-23605,OVNS O2 2500 Freez,OVNS,O2 2500,Freez,Disposable,20 mg/mL,2,17.70,20.00,,,VAPE & CIGAR,2026-09-14,
641961939727,YV-23601,OVNS O2 2500 Mango Twist,OVNS,O2 2500,Mango Twist,Disposable,20 mg/mL,2,17.70,20.00,,,VAPE & CIGAR,2026-09-14,
691768369715,YV-23606,OVNS O2 2500 Strawberry Watermelon Ice,OVNS,O2 2500,Strawberry Watermelon Ice,Disposable,20 mg/mL,2,17.70,20.00,,,VAPE & CIGAR,2026-09-14,
691584103418,YV-23687,STLTH ECO Cherry Lemon Ice,STLTH,ECO,Cherry Lemon Ice,Disposable,20 mg/mL,6,19.99,22.59,13.47,33,VAPE & CIGAR,2026-09-14,
691584123034,YV-23693,STLTH ECO Juicy Peach,STLTH,ECO,Juicy Peach,Disposable,20 mg/mL,6,19.99,22.59,13.47,33,VAPE & CIGAR,2026-09-14,
691584103456,YV-23690,STLTH ECO Peach Ice,STLTH,ECO,Peach Ice,Disposable,20 mg/mL,6,19.99,22.59,13.47,33,VAPE & CIGAR,2026-09-14,
691584103463,YV-23691,STLTH ECO Polar Mint,STLTH,ECO,Polar Mint,Disposable,20 mg/mL,6,19.99,22.59,13.47,33,VAPE & CIGAR,2026-09-14,
691584103470,YV-23692,STLTH ECO Razz Apple Ice,STLTH,ECO,Razz Apple Ice,Disposable,20 mg/mL,6,19.99,22.59,13.47,33,VAPE & CIGAR,2026-09-14,
691584103487,YV-23689,STLTH ECO Razzy Grape Ice,STLTH,ECO,Razzy Grape Ice,Disposable,20 mg/mL,6,19.99,22.59,13.47,33,VAPE & CIGAR,2026-09-14,
691584123058,YV-23688,STLTH ECO Strawberry Banana,STLTH,ECO,Strawberry Banana,Disposable,20 mg/mL,6,19.99,22.59,13.47,33,VAPE & CIGAR,2026-09-14,
691584103517,YV-23686,STLTH ECO Strawberry Kiwi Ice,STLTH,ECO,Strawberry Kiwi Ice,Disposable,20 mg/mL,6,19.99,22.59,13.47,33,VAPE & CIGAR,2026-09-14,
691584144213,YV-23680,STLTH ECO Mini Blue Razz Ice,STLTH,ECO Mini,Blue Razz Ice,Disposable,20 mg/mL,2,9.99,11.29,6.34,37,VAPE & CIGAR,2026-09-14,
691584144237,YV-23682,STLTH ECO Mini Green Apple,STLTH,ECO Mini,Green Apple,Disposable,20 mg/mL,2,9.99,11.29,6.14,39,VAPE & CIGAR,2026-09-14,
691584144244,YV-23684,STLTH ECO Mini Juicy Peach Ice,STLTH,ECO Mini,Juicy Peach Ice,Disposable,20 mg/mL,2,9.99,11.29,6.14,39,VAPE & CIGAR,2026-09-14,
691584144251,YV-23681,STLTH ECO Mini Mango Ice,STLTH,ECO Mini,Mango Ice,Disposable,20 mg/mL,2,9.99,11.29,,,VAPE & CIGAR,2026-09-14,
691584144275,YV-23683,STLTH ECO Mini Peach Ice,STLTH,ECO Mini,Peach Ice,Disposable,20 mg/mL,2,9.99,11.29,,,VAPE & CIGAR,2026-09-14,
691584144299,YV-23679,STLTH ECO Mini Razzy Grape Ice,STLTH,ECO Mini,Razzy Grape Ice,Disposable,20 mg/mL,2,9.99,11.29,6.14,39,VAPE & CIGAR,2026-09-14,
691584144305,YV-23685,STLTH ECO Mini Strawberry Kiwi Ice,STLTH,ECO Mini,Strawberry Kiwi Ice,Disposable,20 mg/mL,2,9.99,11.29,6.34,37,VAPE & CIGAR,2026-09-14,
691584095058,YV-23623,STLTH Loop 25K Pod,STLTH,Loop 25K Pod,,Replacement Pod,20 mg/mL,20,27.50,31.08,,,VAPE & CIGAR,2026-09-14,flavour missing from the product name; duplicate product name
691584094853,YV-23624,STLTH Loop 25K Pod,STLTH,Loop 25K Pod,,Replacement Pod,20 mg/mL,20,27.50,31.08,,,VAPE & CIGAR,2026-09-14,flavour missing from the product name; duplicate product name
691584095096,YV-23625,STLTH Loop 25K Pod,STLTH,Loop 25K Pod,,Replacement Pod,20 mg/mL,20,27.50,31.08,,,VAPE & CIGAR,2026-09-14,flavour missing from the product name; duplicate product name
691584095126,YV-23626,STLTH Loop 25K Pod,STLTH,Loop 25K Pod,,Replacement Pod,20 mg/mL,20,27.50,31.08,,,VAPE & CIGAR,2026-09-14,flavour missing from the product name; duplicate product name
691584094822,YV-23627,STLTH Loop 25K Pod,STLTH,Loop 25K Pod,,Replacement Pod,20 mg/mL,20,27.50,31.08,,,VAPE & CIGAR,2026-09-14,flavour missing from the product name; duplicate product name
691584098295,YV-23641,STLTH Loop 3 Device,STLTH,Loop 3 Device,,Device,,,12.99,14.68,,,VAPE & CIGAR,2026-09-14,
691584101735,YV-23621,STLTH Loop Max 70K Pod,STLTH,Loop Max 70K Pod,,Replacement Pod,20 mg/mL,30,32.50,36.73,,,VAPE & CIGAR,2026-09-14,flavour missing from the product name; duplicate product name
691584101773,YV-23622,STLTH Loop Max 70K Pod,STLTH,Loop Max 70K Pod,,Replacement Pod,20 mg/mL,30,32.50,36.73,,,VAPE & CIGAR,2026-09-14,flavour missing from the product name; duplicate product name
691584101667,YV-23619,STLTH Loop Max 70K Pod Blue Razz,STLTH,Loop Max 70K Pod,Blue Razz,Replacement Pod,20 mg/mL,30,32.50,36.73,23.52,28,VAPE & CIGAR,2026-09-14,
691584101728,YV-23620,STLTH Loop Max 70K Pod Green Apple,STLTH,Loop Max 70K Pod,Green Apple,Replacement Pod,20 mg/mL,30,32.50,36.73,24.99,23,VAPE & CIGAR,2026-09-14,
691584124635,YV-23593,STLTH x Geek Bar 80K Banana Burst Ice,STLTH,x Geek Bar 80K,Banana Burst Ice,Disposable,20 mg/mL,30,44.90,50.74,32.83,27,VAPE & CIGAR,2026-09-14,
691584124642,YV-23592,STLTH x Geek Bar 80K Blue Razz,STLTH,x Geek Bar 80K,Blue Razz,Disposable,20 mg/mL,30,44.99,50.84,32.83,27,VAPE & CIGAR,2026-09-14,
691584124710,YV-23587,STLTH x Geek Bar 80K Juicy Peach,STLTH,x Geek Bar 80K,Juicy Peach,Disposable,20 mg/mL,30,44.99,50.84,32.83,27,VAPE & CIGAR,2026-09-14,
691584151563,YV-23590,STLTH x Geek Bar 80K Juicy Peach Ice,STLTH,x Geek Bar 80K,Juicy Peach Ice,Disposable,20 mg/mL,30,44.99,50.84,32.83,27,VAPE & CIGAR,2026-09-14,
691584124734,YV-23588,STLTH x Geek Bar 80K Mango Peach Ice,STLTH,x Geek Bar 80K,Mango Peach Ice,Disposable,20 mg/mL,30,44.99,50.84,32.83,27,VAPE & CIGAR,2026-09-14,
691584124758,YV-23589,STLTH x Geek Bar 80K Purple Grape Ice,STLTH,x Geek Bar 80K,Purple Grape Ice,Disposable,20 mg/mL,30,44.99,50.84,32.83,27,VAPE & CIGAR,2026-09-14,
691584151570,YV-23594,STLTH x Geek Bar 80K Strawberry Kiwi Ice,STLTH,x Geek Bar 80K,Strawberry Kiwi Ice,Disposable,20 mg/mL,30,44.99,50.84,,,VAPE & CIGAR,2026-09-14,
691584125434,YV-23591,STLTH x Geek Bar 80K Tropical Mango Ice,STLTH,x Geek Bar 80K,Tropical Mango Ice,Disposable,20 mg/mL,30,44.99,50.84,,,VAPE & CIGAR,2026-09-14,
15841254,YV-23595,STLTH x Geek Bar 80K Wild Watermelon Ice,STLTH,x Geek Bar 80K,Wild Watermelon Ice,Disposable,20 mg/mL,30,44.99,50.84,32.83,27,VAPE & CIGAR,2026-09-14,
627183055841,YV-23678,Vice Box 2 Blue Raspberry Ice,Vice,Box 2,Blue Raspberry Ice,Disposable,20 mg/mL,,41.99,47.45,,,VAPE & CIGAR,2026-09-14,
